3679,4.10,993.30,19.56,0.0347,9.4726,-0.5974,1.0,-0.1,-0.5,-2.1,-316.5,54.9
3689,4.10,993.30,19.56,0.0467,9.4762,-0.5734,0.9,-0.0,-0.4,-6.9,-318.9,57.3
3699,4.10,993.14,19.56,-0.0048,9.4667,-0.6488,0.9,-0.3,-0.3,-6.9,-328.5,50.1
3709,4.10,993.01,19.56,0.0239,9.4655,-0.6129,1.2,-0.6,-0.2,-4.5,-323.7,49.5
3719,4.10,992.91,19.56,0.0383,9.4283,-0.6321,1.3,-0.6,-0.1,5.1,-330.9,66.3
3729,4.10,992.92,19.56,-0.0694,9.3912,-0.6608,1.8,-1.1,0.2,5.1,-330.9,58.5
3739,4.10,992.79,19.56,-0.0850,9.5193,-0.5974,2.0,-1.9,0.3,-6.9,-314.1,59.1
3749,4.10,992.74,19.56,0.0718,9.5600,-0.5997,1.7,-2.1,0.3,-6.9,-318.9,51.9
3759,4.10,992.70,19.56,0.2370,9.5504,-0.5746,1.7,-0.9,0.0,-4.5,-316.5,60.9
3769,4.10,992.67,19.56,0.3543,9.6546,-0.6823,1.4,1.3,-0.4,9.9,-311.7,55.5
3779,4.10,992.63,19.56,0.0886,9.4702,-0.9170,0.1,2.4,-0.6,2.7,-326.1,53.1
3789,4.10,992.55,19.56,-0.1401,9.4403,-0.8056,1.4,2.6,-0.5,-4.5,-326.1,62.7
3799,4.10,992.56,19.56,0.0335,9.6151,-0.7123,1.8,2.1,-0.5,5.1,-314.1,54.3
3809,4.10,992.54,19.56,0.0192,9.5145,-0.9409,0.1,1.0,-0.4,9.9,-304.5,56.1
3819,4.10,992.41,19.56,-0.0634,9.3984,-0.8667,0.4,0.2,-0.2,-14.1,-318.9,57.9
3829,4.10,992.50,19.56,0.0239,9.4810,-0.7434,0.9,-0.3,-0.3,12.3,-306.9,59.7
3839,4.10,992.37,19.56,0.1173,9.5229,-0.7362,0.5,-1.3,-0.3,12.3,-318.9,56.1
3849,4.10,992.37,19.56,0.1233,9.5265,-0.6728,0.2,-1.1,-0.4,5.1,-318.9,53.1
3859,4.10,992.41,19.56,0.1484,9.5074,-0.6560,0.0,-0.0,-0.7,-4.5,-326.1,60.3
3869,4.10,992.37,19.56,0.1161,9.4978,-0.7147,0.2,0.6,-0.9,-11.7,-302.1,54.3
3879,4.10,992.36,19.56,0.0263,9.4631,-0.7159,-0.0,0.2,-0.8,0.3,-314.1,62.1
3889,4.10,992.30,19.56,-0.1006,9.4990,-0.7051,0.5,0.3,-0.5,7.5,-314.1,53.1
3899,4.10,992.32,19.56,-0.0599,9.5133,-0.7626,0.4,-0.1,-0.6,-2.1,-316.5,54.9
3909,4.10,992.29,19.56,0.0263,9.4415,-0.7254,0.2,-0.7,-0.3,-4.5,-306.9,51.9
3919,4.10,992.25,19.56,0.0503,9.4643,-0.6847,0.4,-0.7,-0.2,0.3,-309.3,59.1
3929,4.10,992.27,19.56,0.1197,9.5097,-0.6201,0.7,-0.1,-0.3,17.1,-330.9,54.3
3939,4.10,992.23,19.56,0.0970,9.5265,-0.6800,0.5,0.5,-0.2,7.5,-321.3,62.7
3949,4.10,992.24,19.56,0.0192,9.4403,-0.7482,0.0,0.2,-0.4,9.9,-326.1,54.3
3959,4.10,992.26,19.56,-0.0802,9.4128,-0.7314,0.4,-0.1,-0.3,14.7,-318.9,49.5
3969,4.10,992.23,19.56,-0.1377,9.5026,-0.7015,0.5,-0.7,-0.1,14.7,-304.5,54.9
3979,4.10,992.22,19.56,-0.0539,9.5469,-0.7003,0.2,-1.6,0.0,-2.1,-297.3,54.9
3989,4.10,992.16,19.56,0.1053,9.5014,-0.7973,-0.1,-1.8,-0.1,12.3,-326.1,48.3
3999,4.10,992.13,19.56,0.2526,9.4786,-0.7733,-0.2,-1.5,-0.2,2.7,-316.5,45.9
4009,4.10,992.12,19.56,0.2227,9.4942,-0.7518,-0.2,-0.9,-0.5,9.9,-321.3,53.7
4019,4.10,992.14,19.56,0.1772,9.5445,-0.6895,0.2,-0.1,-0.8,17.1,-318.9,57.9
4029,4.10,992.12,19.56,0.1556,9.5050,-0.7015,0.1,0.9,-0.9,-4.5,-306.9,54.3
4039,4.10,992.19,19.56,-0.0012,9.4858,-0.7913,0.1,1.3,-0.8,-6.9,-314.1,44.7
4049,4.10,992.07,19.56,-0.1496,9.4990,-0.7566,0.3,1.1,-0.7,21.9,-316.5,57.9
4059,4.10,992.06,19.56,-0.1484,9.4571,-0.7805,-0.0,0.1,-0.5,-11.7,-326.1,49.5
4069,4.10,992.08,19.56,-0.0886,9.4738,-0.7649,-0.0,-1.0,-0.2,2.7,-306.9,57.9
4079,4.10,992.03,19.56,-0.0168,9.4643,-0.7398,-0.1,-1.3,0.1,2.7,-318.9,44.1
4089,4.10,992.00,19.56,0.0766,9.4523,-0.7195,-0.0,-1.2,0.1,55.5,-304.5,58.5
4099,4.10,992.04,19.56,0.1568,9.4822,-0.7075,-0.0,-1.0,-0.0,-2.1,-323.7,53.7
4109,4.10,992.03,19.56,0.2322,9.5002,-0.6464,-0.3,-0.2,-0.3,19.5,-326.1,50.1
4119,4.10,992.01,19.56,0.2011,9.5612,-0.7410,-0.4,1.0,-0.5,14.7,-299.7,53.1
4129,4.10,992.01,19.56,0.0227,9.5026,-0.7913,-0.8,0.9,-0.6,2.7,-321.3,50.1
4139,4.10,992.01,19.56,-0.0467,9.5157,-0.7709,-0.5,0.4,-0.8,38.7,-321.3,50.7
4149,4.10,991.99,19.56,0.0132,9.5145,-0.7817,-0.8,-0.4,-0.8,9.9,-304.5,47.1
4159,4.10,991.98,19.56,0.1640,9.4858,-0.7015,-0.5,-0.5,-0.8,-9.3,-323.7,51.3
4169,4.10,993.53,20.28,0.2059,9.4798,-0.7386,-0.1,0.3,-0.7,5.1,-297.3,60.3
4179,4.10,993.66,20.28,0.0227,9.4667,-0.7063,-0.1,0.7,-0.6,0.3,-306.9,44.7
4189,4.10,993.60,20.28,-0.0970,9.4667,-0.6393,-0.1,0.9,-0.6,5.1,-326.1,48.9
4199,4.10,993.62,20.28,-0.1077,9.4894,-0.6764,-0.5,0.6,-0.5,19.5,-345.3,51.9
4209,4.10,993.61,20.28,-0.0144,9.4762,-0.7147,-0.4,0.7,-0.4,29.1,-304.5,52.5
4219,4.10,993.57,20.28,0.0539,9.4774,-0.7410,-0.5,0.6,-0.3,-9.3,-302.1,47.7
4229,4.10,993.53,20.28,0.1185,9.5169,-0.7111,-0.6,0.4,-0.3,7.5,-338.1,50.1
4239,4.10,993.55,20.28,0.1820,9.5373,-0.7973,-1.0,0.6,-0.5,2.7,-316.5,44.7
4249,4.10,993.54,20.28,0.1305,9.4331,-0.7889,-1.3,0.8,-0.7,-2.1,-280.5,59.1
4259,4.10,993.52,20.28,0.0611,9.4427,-0.7135,-0.6,1.1,-0.8,-2.1,-326.1,51.9
4269,4.10,993.55,20.28,0.0479,9.5469,-0.7171,-0.4,1.1,-0.9,7.5,-318.9,53.7
4279,4.10,993.51,20.28,0.0036,9.5097,-0.7302,-0.9,1.1,-1.0,2.7,-330.9,55.5
4289,4.10,993.55,20.28,0.0634,9.4655,-0.6500,-0.8,1.7,-1.1,-6.9,-304.5,57.9
4299,4.10,993.51,20.28,0.1221,9.4798,-0.6117,-0.6,1.8,-1.0,0.3,-323.7,54.3
4309,4.10,993.50,20.28,0.0646,9.4655,-0.7278,-0.8,1.1,-1.0,-2.1,-326.1,47.1
4319,4.10,993.48,20.28,-0.0431,9.4343,-0.7111,-0.7,0.9,-1.0,12.3,-314.1,51.9
4329,4.10,993.51,20.28,-0.0658,9.4702,-0.7087,-0.4,1.1,-0.9,2.7,-280.5,60.9
4339,4.10,993.46,20.28,-0.0335,9.4750,-0.6847,-0.4,0.0,-0.8,2.7,-316.5,53.1
4349,4.10,993.49,20.28,0.0766,9.5050,-0.6488,-0.5,-0.7,-0.7,7.5,-335.7,50.7
4359,4.10,993.41,20.28,0.0395,9.4475,-0.7614,-0.8,-0.4,-0.7,-6.9,-335.7,60.3
4369,4.10,993.44,20.28,0.0347,9.4930,-0.6823,-0.3,0.1,-0.6,33.9,-321.3,60.9
4379,4.10,993.47,20.28,0.0934,9.5169,-0.6907,-0.5,-0.0,-0.7,12.3,-318.9,52.5
4389,4.10,993.40,20.28,0.1089,9.4738,-0.6716,-0.8,0.2,-0.9,0.3,-311.7,54.3
4399,4.10,993.40,20.28,0.0467,9.5014,-0.6560,-0.8,1.0,-1.0,2.7,-314.1,53.7
4409,4.10,993.42,20.28,-0.0563,9.4798,-0.6668,-0.6,0.8,-1.0,12.3,-316.5,56.7
4419,4.10,993.45,20.28,-0.0922,9.4535,-0.6572,-0.3,0.4,-0.7,0.3,-321.3,60.9
4429,4.10,993.47,20.28,-0.0922,9.4535,-0.6572,-0.3,0.4,-0.7,0.3,-321.3,60.9
4439,4.10,993.45,20.28,-0.0994,9.4523,-0.6476,-0.1,-0.1,-0.4,7.5,-311.7,59.7
4449,4.10,993.39,20.28,0.0000,9.4990,-0.6991,-0.3,-0.6,-0.3,5.1,-321.3,58.5
4459,4.10,993.44,20.28,0.1891,9.4990,-0.6931,-0.7,-0.6,-0.4,5.1,-311.7,51.3
4469,4.10,993.40,20.28,0.3100,9.4930,-0.6752,-0.3,0.4,-0.5,14.7,-326.1,57.3
4479,4.10,993.40,20.28,0.0958,9.4702,-0.8296,-0.5,0.8,-0.6,-4.5,-330.9,54.9
4489,4.10,993.43,20.28,-0.1006,9.4535,-0.7254,-0.1,0.8,-0.6,-2.1,-321.3,53.1
4499,4.10,993.41,20.28,-0.1006,9.4786,-0.6548,-0.1,0.5,-0.6,5.1,-326.1,51.9
4509,4.10,993.44,20.28,-0.0515,9.4942,-0.6357,-0.4,-0.5,-0.6,-4.5,-338.1,43.5
4519,4.10,993.38,20.28,0.0754,9.5085,-0.6883,-0.4,-0.3,-0.6,2.7,-335.7,50.1
4529,4.10,993.37,20.28,0.1963,9.4942,-0.7410,-0.4,0.3,-0.7,-6.9,-309.3,53.1
4539,4.10,993.40,20.28,0.1796,9.4834,-0.6823,-0.3,0.8,-0.8,-14.1,-297.3,45.9
4549,4.10,993.41,20.28,0.0802,9.4702,-0.6740,-0.4,1.0,-1.0,-2.1,-326.1,53.7
4559,4.10,993.38,20.28,-0.0024,9.4822,-0.7099,-0.4,0.9,-1.1,2.7,-326.1,50.7
4569,4.10,993.39,20.28,0.0251,9.5109,-0.6632,-0.3,0.5,-1.1,-2.1,-321.3,52.5
4579,4.10,993.35,20.28,0.0670,9.5038,-0.7015,-0.4,0.5,-1.2,-14.1,-335.7,53.1
4589,4.10,993.32,20.28,0.1006,9.4798,-0.7386,-0.6,0.5,-1.4,9.9,-318.9,51.3
4599,4.10,993.31,20.28,0.0982,9.4702,-0.7446,-0.6,0.7,-1.4,7.5,-318.9,54.9
4609,4.10,993.35,20.28,0.0108,9.4619,-0.7159,-0.5,0.8,-1.3,0.3,-316.5,54.9
4619,4.10,993.31,20.28,-0.0204,9.4690,-0.6835,-0.3,0.4,-1.4,-6.9,-328.5,52.5
4629,4.10,993.35,20.28,-0.0239,9.4655,-0.6716,-0.2,-0.1,-1.3,7.5,-321.3,48.3
4639,4.10,993.32,20.28,-0.0706,9.4750,-0.6393,-0.4,-0.4,-1.1,7.5,-311.7,58.5
4649,4.10,993.38,20.28,-0.1413,9.5097,-0.6009,-0.3,-0.4,-1.0,33.9,-323.7,49.5
4659,4.10,993.34,20.28,-0.0886,9.4762,-0.6381,-0.3,-0.8,-0.8,-6.9,-309.3,53.1
4669,4.10,993.57,20.40,0.0239,9.4523,-0.6500,-0.5,-1.1,-0.6,21.9,-316.5,46.5
4679,4.10,993.65,20.40,0.0898,9.4714,-0.6428,-0.2,-0.9,-0.7,-4.5,-333.3,51.9
4689,4.10,993.64,20.40,0.1472,9.4990,-0.6309,0.1,-0.7,-0.7,7.5,-309.3,56.7
4699,4.10,993.62,20.40,0.1257,9.5062,-0.6213,0.0,-0.4,-0.8,2.7,-304.5,63.9
4709,4.11,993.63,20.40,0.0227,9.4702,-0.7422,-0.1,0.3,-0.9,7.5,-304.5,50.7
4719,4.10,993.65,20.40,-0.0096,9.4942,-0.6943,0.2,0.5,-0.9,-6.9,-330.9,51.9
4729,4.10,993.57,20.40,-0.0096,9.4834,-0.7230,0.1,-0.1,-1.0,5.1,-321.3,51.3
4739,4.11,993.57,20.40,-0.0204,9.4882,-0.7494,0.0,-0.5,-1.0,-4.5,-316.5,51.3
4749,4.10,993.60,20.40,-0.0144,9.4846,-0.7207,-0.2,-0.6,-0.8,7.5,-299.7,59.1
4759,4.10,993.55,20.40,0.0419,9.4894,-0.7039,-0.0,-0.7,-0.9,-2.1,-328.5,55.5
4769,4.10,993.54,20.40,0.1006,9.5038,-0.6668,0.1,-0.6,-1.0,14.7,-328.5,53.1
4779,4.10,993.50,20.40,0.0946,9.5050,-0.6620,0.1,-0.3,-1.0,0.3,-323.7,53.7
4789,4.11,993.57,20.40,-0.0084,9.4738,-0.6500,-0.0,-0.1,-1.1,2.7,-311.7,52.5
4799,4.11,993.57,20.40,-0.0634,9.4655,-0.6476,-0.1,-0.2,-1.1,-2.1,-326.1,50.1
4809,4.11,993.53,20.40,-0.0347,9.4798,-0.6967,0.0,-0.3,-1.0,-6.9,-340.5,51.9
4819,4.11,993.46,20.40,-0.0215,9.4786,-0.7027,-0.0,-0.6,-0.9,-9.3,-328.5,53.7
4829,4.10,993.58,20.40,-0.0646,9.4906,-0.6668,0.2,-1.0,-0.6,-2.1,-299.7,48.3
4839,4.10,993.58,20.40,-0.0706,9.4786,-0.6381,0.1,-1.0,-0.6,2.7,-326.1,54.9
4849,4.10,993.56,20.40,0.0072,9.4942,-0.6512,0.0,-0.5,-0.6,5.1,-314.1,54.3
4859,4.10,993.55,20.40,0.0874,9.5014,-0.6991,-0.1,0.1,-0.6,9.9,-338.1,47.7
4869,4.10,993.52,20.40,0.0958,9.4750,-0.6919,-0.1,0.3,-0.6,12.3,-321.3,56.7
4879,4.10,993.52,20.40,0.0108,9.4667,-0.6943,0.3,0.5,-0.7,0.3,-314.1,56.1
4889,4.10,993.51,20.40,-0.0156,9.4954,-0.7350,0.1,0.7,-0.7,0.3,-347.7,56.1
4899,4.10,993.49,20.40,0.0060,9.4762,-0.7470,0.1,0.2,-0.7,12.3,-328.5,52.5
4909,4.11,993.52,20.40,0.0227,9.4918,-0.7266,0.2,-0.1,-0.7,12.3,-328.5,57.3
4919,4.10,993.51,20.40,0.0275,9.4810,-0.7207,0.1,0.1,-0.9,2.7,-309.3,53.1
4929,4.10,993.48,20.40,-0.0144,9.4894,-0.7302,0.1,-0.1,-0.9,-2.1,-338.1,54.9
4939,4.10,993.49,20.40,-0.0204,9.5002,-0.6883,0.1,-0.2,-0.8,-4.5,-316.5,51.9
4949,4.11,993.46,20.40,0.0670,9.4702,-0.6752,0.0,-0.1,-0.9,-6.9,-340.5,45.9
4959,4.10,993.52,20.40,0.0156,9.4535,-0.6847,0.1,0.1,-0.9,2.7,-309.3,55.5
4969,4.10,993.58,20.40,-0.0359,9.4750,-0.6800,0.4,0.4,-0.6,26.7,-309.3,50.7
4979,4.10,993.53,20.40,-0.0263,9.5205,-0.6859,0.0,0.6,-0.6,5.1,-333.3,47.7
4989,4.10,993.46,20.40,-0.0072,9.4774,-0.7039,-0.3,0.6,-0.7,24.3,-314.1,61.5
4999,4.10,993.49,20.40,-0.0036,9.4439,-0.6979,-0.1,0.7,-0.7,5.1,-326.1,53.7
5009,4.10,993.48,20.40,0.0144,9.4583,-0.7075,-0.1,0.6,-0.6,12.3,-318.9,52.5
5019,4.10,993.47,20.40,0.0275,9.5169,-0.6943,-0.0,0.2,-0.6,24.3,-309.3,53.1
5029,4.10,993.39,20.40,0.0180,9.5421,-0.6752,0.1,0.4,-0.6,9.9,-306.9,63.3
5039,4.10,993.41,20.40,0.0108,9.5193,-0.6991,0.1,1.1,-0.7,14.7,-323.7,54.9
5049,4.10,993.44,20.40,0.0371,9.4463,-0.6967,0.2,1.5,-0.6,21.9,-330.9,53.7
5059,4.10,993.48,20.40,-0.0227,9.4595,-0.7242,0.3,1.4,-0.4,29.1,-316.5,53.7
5069,4.10,993.50,20.40,-0.0658,9.4870,-0.7781,0.4,0.7,-0.5,-26.1,-309.3,54.9
5079,4.10,993.43,20.40,-0.0611,9.4786,-0.7362,0.3,-0.1,-0.4,5.1,-326.1,56.1
5089,4.10,993.42,20.40,-0.0084,9.4535,-0.6943,0.2,-0.1,-0.4,14.7,-316.5,53.7
5099,4.10,993.48,20.40,0.0730,9.4978,-0.6788,0.4,-0.2,-0.4,19.5,-311.7,61.5
5109,4.10,993.39,20.40,0.0874,9.5097,-0.7159,0.1,-0.3,-0.4,9.9,-340.5,47.7
5119,4.10,993.49,20.40,0.0311,9.5002,-0.6859,0.2,0.5,-0.5,17.1,-304.5,49.5
5129,4.10,993.45,20.40,-0.0180,9.5169,-0.6764,0.3,0.8,-0.6,12.3,-311.7,49.5
5139,4.10,993.45,20.40,-0.0443,9.4607,-0.6835,0.1,0.4,-0.6,14.7,-333.3,59.7
5149,4.10,993.42,20.40,-0.0299,9.4427,-0.6871,0.1,0.2,-0.4,0.3,-316.5,52.5
5159,4.10,993.43,20.40,0.0072,9.4559,-0.6967,0.2,0.2,-0.3,-2.1,-318.9,57.9
5169,4.10,993.57,20.46,0.0096,9.4559,-0.7326,0.3,0.2,-0.2,7.5,-321.3,53.7
5179,4.10,993.64,20.46,0.0084,9.4966,-0.6536,0.6,0.0,-0.2,45.9,-321.3,54.9
5189,4.10,993.63,20.46,-0.0251,9.4990,-0.6692,0.4,0.4,-0.1,12.3,-321.3,59.1
5199,4.10,993.64,20.46,0.0180,9.4559,-0.7745,0.3,0.8,-0.1,0.3,-326.1,46.5
5209,4.10,993.60,20.46,0.0311,9.4678,-0.7374,0.4,0.6,0.0,-18.9,-304.5,51.3
5219,4.10,993.65,20.46,0.0275,9.4954,-0.7111,0.4,0.5,-0.0,9.9,-326.1,53.1
5229,4.10,993.53,20.46,0.0611,9.4906,-0.7913,0.0,0.5,-0.2,14.7,-299.7,54.9
5239,4.10,993.61,20.46,0.0682,9.4798,-0.7685,-0.1,0.4,-0.3,0.3,-321.3,53.1
5249,4.10,993.66,20.46,0.0814,9.4750,-0.7757,0.0,0.4,-0.6,2.7,-316.5,54.3
5259,4.11,993.57,20.46,0.0299,9.4870,-0.7685,-0.1,0.1,-0.7,5.1,-323.7,49.5
5269,4.10,993.63,20.46,-0.0251,9.5385,-0.7123,-0.1,-0.0,-0.8,-4.5,-326.1,51.3
5279,4.10,993.50,20.46,0.0886,9.6366,-0.8918,-0.2,1.0,-1.5,14.7,-323.7,48.9
5289,4.10,993.50,20.46,0.1580,9.8653,-1.1145,-0.6,3.9,-2.0,17.1,-302.1,56.7
5299,4.10,993.51,20.46,-0.1544,9.9850,-1.2581,-1.5,3.8,-2.4,7.5,-335.7,48.9
5309,4.10,993.58,20.46,-0.1544,9.9850,-1.2581,-1.5,3.8,-2.4,7.5,-335.7,48.9
5319,4.10,993.59,20.46,-0.1676,9.7348,-1.2282,-2.1,3.1,-3.4,0.3,-328.5,51.3
5329,4.10,993.54,20.46,-0.2023,9.5552,-0.8021,-1.4,-2.3,-3.8,-11.7,-340.5,53.1
5339,4.10,993.54,20.46,0.0251,9.3266,-0.5555,-2.5,-12.6,-6.1,7.5,-318.9,56.7
5349,4.10,993.53,20.46,0.6548,9.2069,-0.4561,-3.0,-18.2,-8.9,-21.3,-323.7,57.3
5359,4.10,993.51,20.46,1.4401,9.4535,-0.6919,-3.3,-19.3,-11.5,-9.3,-299.7,49.5
5369,4.10,993.51,20.46,1.9237,9.5409,-0.9086,-4.9,-17.9,-14.3,5.1,-290.1,52.5
5379,4.11,993.47,20.46,1.5778,9.7707,-0.8487,-4.1,-12.6,-17.1,17.1,-318.9,50.7
5389,4.10,993.48,20.46,0.9433,9.8808,-0.7853,-4.4,-5.9,-20.7,7.5,-311.7,57.9
5399,4.11,993.58,20.46,0.5782,9.8796,-0.7266,-5.6,-0.2,-24.4,2.7,-314.1,50.1
5409,4.10,993.54,20.46,0.2885,9.9263,-0.7781,-7.0,4.1,-27.3,19.5,-314.1,51.3
5419,4.10,993.51,20.46,-0.0551,9.8892,-0.9194,-8.0,5.7,-29.6,24.3,-321.3,58.5
5429,4.10,993.50,20.46,-0.3699,9.7228,-1.0163,-7.4,4.9,-30.8,12.3,-316.5,52.5
5439,4.10,993.50,20.46,-0.5267,9.5552,-0.9002,-6.8,1.0,-31.8,14.7,-306.9,56.1
5449,4.10,993.51,20.46,-0.5710,9.5229,-0.7709,-6.2,-6.1,-33.5,21.9,-326.1,55.5
5459,4.10,993.50,20.46,-0.4082,9.4762,-0.7602,-6.3,-11.8,-34.7,26.7,-323.7,50.1
5469,4.10,993.51,20.46,-0.1999,9.3230,-0.7027,-6.5,-14.8,-35.1,41.1,-306.9,52.5
5479,4.11,993.57,20.46,-0.1305,9.1781,-0.5375,-5.8,-15.9,-35.1,7.5,-330.9,45.3
5489,4.10,993.51,20.46,-0.2119,9.1674,-0.2622,-5.0,-15.8,-35.0,21.9,-316.5,57.3
5499,4.10,993.46,20.46,-0.3244,9.2356,-0.1149,-5.1,-13.6,-35.5,29.1,-314.1,50.7
5509,4.10,993.44,20.46,-0.4705,9.2308,-0.0132,-6.3,-8.5,-36.1,53.1,-326.1,53.7
5519,4.10,993.52,20.46,-0.4381,9.3122,-0.1149,-7.1,-3.4,-37.1,45.9,-316.5,56.1
5529,4.10,993.45,20.46,-0.2155,9.0908,-0.2610,-7.9,1.8,-38.0,36.3,-333.3,50.1
5539,4.10,993.46,20.46,-0.3484,8.8681,-0.3400,-6.9,5.1,-37.2,53.1,-328.5,48.3
5549,4.10,993.46,20.46,-0.7482,8.8047,-0.3124,-5.0,6.6,-35.9,12.3,-335.7,43.5
5559,4.10,993.45,20.46,-1.2115,8.7687,-0.2969,-3.8,6.5,-34.8,45.9,-321.3,47.7
5569,4.10,993.48,20.46,-1.4521,9.0153,-0.3603,-2.9,6.8,-33.8,50.7,-321.3,48.9
5579,4.10,993.45,20.46,-1.4569,9.2117,-0.5878,-4.0,8.5,-33.7,33.9,-321.3,46.5
5589,4.10,993.46,20.46,-1.2929,9.2895,-0.7949,-4.9,9.9,-34.3,81.9,-304.5,45.3
5599,4.10,993.41,20.46,-1.2486,9.3242,-0.8104,-5.3,10.5,-35.6,48.3,-321.3,51.9
5609,4.10,993.47,20.46,-1.0810,9.3757,-0.7590,-5.7,11.0,-37.2,60.3,-326.1,45.3
5619,4.10,993.47,20.46,-0.9409,9.5133,-0.7494,-6.1,11.2,-38.7,38.7,-306.9,46.5
5629,4.10,993.42,20.46,-0.8942,9.5959,-0.6847,-6.5,12.7,-39.8,50.7,-335.7,56.1
5639,4.10,993.43,20.46,-0.7769,9.4954,-0.6835,-7.1,15.5,-40.8,62.7,-304.5,53.1
5649,4.10,993.44,20.46,-0.7733,8.8130,-0.6345,-8.9,20.6,-41.6,48.3,-323.7,55.5
5659,4.10,993.43,20.46,-1.4808,8.4240,-0.4944,-6.9,26.5,-40.3,57.9,-335.7,56.7
5669,4.10,993.57,20.53,-2.4505,8.4455,-0.2813,-3.5,30.4,-39.0,89.1,-278.1,59.1
5679,4.10,993.64,20.53,-2.8826,8.3115,-0.0670,-3.0,31.6,-37.8,86.7,-340.5,48.9
5689,4.10,993.68,20.53,-2.8048,8.0684,0.1305,-1.8,30.6,-34.4,72.3,-309.3,51.3
5699,4.10,993.59,20.53,-3.5482,8.2504,0.4657,1.3,31.3,-28.7,84.3,-316.5,55.5
5709,4.10,993.61,20.53,-3.8918,9.1865,0.8990,5.0,29.0,-22.5,77.1,-328.5,53.7
5719,4.10,993.66,20.53,-3.1101,10.0209,0.6620,3.4,23.8,-20.2,67.5,-328.5,51.3
5729,4.10,993.64,20.53,-1.6293,9.3517,-0.1532,-1.2,28.3,-18.5,72.3,-323.7,57.3
5739,4.10,993.58,20.53,-1.8040,8.6622,-0.5447,0.6,37.8,-15.7,65.1,-318.9,48.9
5749,4.10,993.56,20.53,-2.7426,9.2332,-0.8152,6.3,45.1,-15.3,55.5,-314.1,53.1
5759,4.10,993.57,20.53,-2.7521,9.6474,-0.7159,7.0,46.3,-16.0,50.7,-340.5,50.7
5769,4.10,993.56,20.53,-2.7545,9.7647,-0.6141,7.3,41.3,-15.7,60.3,-314.1,51.3
5779,4.10,993.54,20.53,-3.0514,9.3146,-0.4705,7.5,38.8,-14.7,89.1,-326.1,50.7
5789,4.10,993.52,20.53,-3.3830,9.0740,-0.2981,10.7,32.7,-14.1,74.7,-318.9,48.3
5799,4.10,993.54,20.53,-3.2537,9.2200,0.2059,14.7,21.7,-12.6,93.9,-314.1,60.3
5809,4.10,993.58,20.53,-2.9808,9.2931,0.5902,17.1,11.3,-10.4,81.9,-292.5,48.3
5819,4.10,993.53,20.53,-2.5666,9.4008,0.3400,19.3,5.6,-9.3,72.3,-318.9,58.5
5829,4.10,993.58,20.53,-2.2637,9.4283,0.0299,21.8,4.4,-9.1,77.1,-330.9,54.9
5839,4.10,993.51,20.53,-1.6915,9.2464,-0.0634,22.9,6.0,-10.0,79.5,-290.1,59.7
5849,4.10,993.51,20.53,-2.3343,8.6790,-0.3926,23.4,9.6,-9.8,74.7,-335.7,54.3
5859,4.10,993.51,20.53,-2.8287,9.0572,-0.8404,26.5,10.5,-8.3,86.7,-338.1,49.5
5869,4.10,993.58,20.53,-2.4325,9.2943,-1.3060,24.7,9.8,-8.0,67.5,-326.1,50.7
5879,4.10,993.46,20.53,-2.3954,9.3984,-1.7190,23.3,6.9,-8.0,60.3,-321.3,58.5
5889,4.10,993.52,20.53,-2.4026,9.6965,-1.7633,22.5,2.6,-8.7,69.9,-314.1,60.3
5899,4.10,993.51,20.53,-1.9692,9.6845,-1.8567,20.0,1.3,-10.4,86.7,-328.5,59.7
5909,4.10,993.47,20.53,-2.1823,9.2200,-1.6125,17.9,0.1,-11.3,67.5,-311.7,50.1
5919,4.10,993.53,20.53,-2.5702,9.3493,-1.3862,19.0,-2.1,-11.2,98.7,-323.7,57.9
5929,4.10,993.54,20.53,-2.5618,9.6845,-1.3384,18.8,-5.3,-11.3,91.5,-299.7,52.5
5939,4.10,993.44,20.53,-2.7521,9.7492,-1.4581,16.7,-13.0,-10.8,93.9,-316.5,62.7
5949,4.10,993.53,20.53,-2.9233,9.7109,-1.2378,16.2,-19.4,-10.9,67.5,-309.3,59.7
5959,4.10,993.47,20.53,-2.5797,9.2991,-1.4114,14.4,-18.9,-12.3,72.3,-321.3,57.3
5969,4.11,993.46,20.53,-2.6037,9.1123,-2.0063,12.9,-18.2,-13.0,81.9,-314.1,53.7
5979,4.10,993.44,20.53,-1.8854,9.9934,-2.0171,17.1,-26.0,-15.2,86.7,-306.9,58.5
5989,4.10,993.50,20.53,-1.3815,9.6498,-1.3168,15.3,-29.0,-16.5,96.3,-306.9,55.5
5999,4.10,993.44,20.53,-1.6065,9.5397,-1.6831,16.1,-19.5,-16.3,103.5,-311.7,61.5
6009,4.10,993.50,20.53,-2.6193,9.0501,-2.3296,9.7,-19.1,-17.0,96.3,-299.7,56.7
6019,4.10,993.48,20.53,-3.8044,8.6466,-2.0602,9.9,-22.5,-16.2,86.7,-318.9,56.7
6029,4.10,993.49,20.53,-3.3890,8.9986,-1.6831,10.9,-28.5,-17.1,77.1,-306.9,59.1
6039,4.11,993.40,20.53,-2.3930,8.7915,-2.0554,5.4,-34.5,-18.1,72.3,-321.3,58.5
6049,4.10,993.44,20.53,-2.1464,8.6514,-2.0662,5.2,-36.2,-17.9,81.9,-311.7,53.7
6059,4.10,993.44,20.53,-2.1931,8.8992,-1.8711,7.1,-32.0,-18.6,86.7,-321.3,56.7
6069,4.10,993.50,20.53,-2.1057,8.8238,-1.9261,3.4,-27.1,-20.6,96.3,-297.3,57.3
6079,4.10,993.41,20.53,-2.6240,8.5281,-2.0063,0.9,-24.2,-21.8,120.3,-326.1,57.3
6089,4.10,993.43,20.53,-3.3710,8.6814,-1.7358,2.5,-21.2,-21.5,127.5,-304.5,55.5
6099,4.10,993.41,20.53,-3.0287,9.1279,-1.4808,2.0,-21.7,-22.1,120.3,-314.1,62.7
6109,4.10,993.34,20.53,-2.3403,9.1554,-1.7897,-2.0,-25.5,-24.6,91.5,-318.9,51.9
6119,4.10,993.39,20.53,-2.2877,9.2224,-1.6424,-1.5,-23.8,-25.4,96.3,-321.3,53.1
6129,4.10,993.42,20.53,-2.5319,9.5744,-1.2989,-0.3,-23.6,-26.6,110.7,-294.9,62.7
6139,4.10,993.41,20.53,-2.3918,9.6007,-1.2486,-2.6,-25.0,-29.7,115.5,-314.1,56.1
6149,4.11,993.39,20.53,-2.4385,9.1961,-1.6065,-6.5,-24.5,-32.3,115.5,-311.7,54.3
6159,4.10,993.40,20.53,-3.0682,9.0860,-1.5730,-5.4,-25.3,-33.5,132.3,-285.3,51.3
6169,4.10,993.55,20.60,-3.4488,9.3685,-1.4808,-4.4,-25.5,-34.5,110.7,-323.7,58.5
6179,4.10,993.65,20.60,-3.4488,9.3685,-1.4808,-4.4,-25.5,-34.5,110.7,-323.7,58.5
6189,4.10,993.63,20.60,-3.2346,9.4140,-1.7035,-7.5,-26.5,-35.5,108.3,-318.9,58.5
6199,4.10,993.60,20.60,-3.0047,9.2404,-1.8040,-8.2,-28.6,-35.9,113.1,-314.1,58.5
6209,4.10,993.71,20.60,-2.9939,9.2464,-1.6628,-5.6,-26.0,-36.4,115.5,-297.3,54.9
6219,4.10,993.59,20.60,-2.9425,9.5492,-1.1935,-4.6,-24.6,-38.2,120.3,-323.7,59.1
6229,4.10,993.55,20.60,-2.9389,9.7551,-1.4210,-7.5,-22.5,-40.4,127.5,-314.1,56.1
6239,4.10,993.56,20.60,-3.3435,9.4212,-1.7154,-11.0,-19.3,-42.3,120.3,-302.1,56.1
6249,4.10,993.58,20.60,-3.5614,9.3122,-1.6556,-10.3,-18.4,-43.8,125.1,-314.1,51.3
6259,4.10,993.60,20.60,-3.1891,9.4511,-1.4736,-9.4,-19.7,-45.8,129.9,-314.1,57.9
6269,4.10,993.59,20.60,-2.5355,9.4966,-1.7573,-11.2,-18.0,-48.1,134.7,-302.1,52.5
6279,4.10,993.64,20.60,-2.3834,9.6067,-1.9034,-13.3,-14.5,-51.6,125.1,-292.5,54.3
6289,4.10,993.57,20.60,-2.8204,10.1646,-2.3307,-14.7,-10.9,-56.6,137.1,-314.1,51.9
6299,4.10,993.63,20.60,-3.4057,10.7523,-2.4074,-17.7,-13.2,-60.2,163.5,-318.9,56.1
6309,4.10,993.49,20.60,-4.0618,11.3162,-1.8340,-15.6,-18.3,-61.0,153.9,-294.9,49.5
6319,4.10,993.57,20.60,-3.4249,11.3497,-0.9146,-15.2,-23.8,-63.4,144.3,-306.9,53.7
6329,4.10,993.47,20.60,-2.5259,11.0923,-0.7374,-20.7,-28.2,-67.3,182.7,-294.9,56.1
6339,4.10,993.49,20.60,-2.3176,11.0911,-0.8703,-26.8,-28.4,-71.1,168.3,-287.7,57.9
6349,4.10,993.57,20.60,-1.8794,11.7124,-1.1516,-30.8,-26.6,-76.8,161.1,-292.5,53.1
6359,4.10,993.55,20.60,-1.6245,12.1086,-1.5682,-38.1,-26.0,-83.6,168.3,-304.5,57.3
6369,4.10,993.49,20.60,-2.0578,12.1051,-2.1368,-43.4,-30.3,-90.2,170.7,-270.9,58.5
6379,4.10,993.50,20.60,-2.3774,12.0045,-2.5055,-44.1,-38.1,-97.3,189.9,-297.3,55.5
6389,4.10,993.54,20.60,-2.0710,12.8209,-2.6851,-42.2,-48.2,-104.9,170.7,-285.3,50.7
6399,4.10,993.46,20.60,-1.6293,14.0037,-2.7773,-46.0,-55.3,-112.9,189.9,-299.7,51.9
6409,4.10,993.51,20.60,-1.0451,15.2283,-2.8228,-52.0,-54.4,-121.2,206.7,-299.7,52.5
6419,4.10,993.49,20.60,0.2346,15.7490,-2.8000,-58.9,-49.7,-130.5,182.7,-275.7,43.5
6429,4.10,993.42,20.60,0.8236,15.2642,-2.7785,-64.1,-44.9,-138.5,233.1,-268.5,42.3
6439,4.10,993.52,20.60,-0.0934,14.7806,-2.6264,-62.2,-45.1,-143.7,223.5,-304.5,49.5
6449,4.10,993.48,20.60,-1.0977,15.4665,-2.5331,-56.3,-55.8,-148.1,218.7,-275.7,53.7
6459,4.10,993.46,20.60,-0.9637,16.5271,-2.8706,-54.8,-72.4,-149.9,221.1,-270.9,47.7
6469,4.10,993.43,20.60,0.1197,17.3459,-3.5458,-56.1,-94.0,-146.1,240.3,-268.5,37.5
6479,4.10,993.44,20.60,-0.2538,17.3376,-4.0438,-55.1,-109.9,-136.9,247.5,-266.1,41.7
6489,4.10,993.49,20.60,-1.9489,16.6792,-3.9911,-53.5,-109.8,-128.0,285.9,-258.9,37.5
6499,4.10,993.46,20.60,-4.5286,15.6808,-2.5295,-56.1,-101.3,-124.9,245.1,-261.3,41.1
6509,4.10,993.41,20.60,-5.1379,14.3305,-1.7514,-64.1,-93.5,-131.0,264.3,-254.1,38.1
6519,4.10,993.42,20.60,-1.8615,12.2918,-1.7777,-78.9,-91.3,-142.4,295.5,-222.9,39.3
6529,4.11,993.46,20.60,0.3807,9.4643,-2.7964,-92.6,-76.1,-145.3,302.7,-239.7,28.5
6539,4.10,993.49,20.60,-0.6261,6.7361,-3.0957,-82.0,-46.1,-134.0,319.5,-244.5,25.5
6549,4.10,993.53,20.60,-1.6771,5.0350,-1.9800,-55.0,-20.1,-116.1,314.7,-218.1,33.9
6559,4.10,993.45,20.60,-2.6635,4.0498,0.4645,-32.2,6.8,-100.2,288.3,-220.5,27.3
6569,4.10,993.45,20.60,-4.8542,4.1551,0.8272,-19.4,25.7,-84.4,314.7,-222.9,31.5
6579,4.10,993.54,20.60,-7.5872,3.8247,0.4705,-17.0,50.8,-61.9,300.3,-220.5,36.9
6589,4.10,993.43,20.60,-7.2065,3.0454,1.1396,-5.1,70.7,-40.6,297.9,-208.5,33.3
6599,4.10,993.43,20.60,-1.9417,4.1527,-1.1205,7.6,66.6,-19.9,305.1,-210.9,34.5
6609,4.10,993.40,20.60,0.9289,2.7533,-1.9489,-4.5,49.9,1.3,302.7,-210.9,31.5
6619,4.10,993.42,20.60,0.5590,1.2198,-1.3862,4.3,57.6,26.0,302.7,-244.5,33.9
6629,4.10,993.46,20.60,-1.7346,1.1983,0.0491,26.1,67.3,49.8,343.5,-203.7,32.7
6639,4.10,993.44,20.60,-3.9995,1.9920,0.3675,34.3,52.3,66.5,297.9,-225.3,36.3
6649,4.10,993.38,20.60,-4.6759,2.5235,-0.5710,35.6,27.9,78.9,300.3,-222.9,38.7
6659,4.10,993.45,20.60,-3.2489,3.2860,-1.5730,43.2,15.3,94.6,278.7,-210.9,34.5
6669,4.10,993.55,20.65,-1.4210,3.7828,-1.5107,46.6,12.5,113.6,336.3,-220.5,41.1
6679,4.10,993.63,20.65,-0.9445,3.9205,-0.3783,49.6,6.6,133.4,290.7,-244.5,39.3
6689,4.10,993.61,20.65,-1.2905,3.8822,0.7506,54.4,-4.9,153.4,295.5,-251.7,41.1
6699,4.10,993.57,20.65,-1.7107,4.2473,1.3599,62.3,-14.1,171.3,293.1,-256.5,44.1
6709,4.10,993.50,20.65,-1.7490,4.8782,1.2653,67.7,-12.5,186.0,266.7,-268.5,42.3
6719,4.11,993.57,20.65,-1.2007,5.4061,0.9816,69.9,-3.6,198.6,273.9,-270.9,39.3
6729,4.10,993.50,20.65,-0.8870,5.9113,1.6161,73.6,13.8,210.4,283.5,-263.7,38.1
6739,4.10,993.53,20.65,-1.4760,6.4751,2.1919,77.5,28.6,221.1,247.5,-273.3,40.5
6749,4.10,993.55,20.65,-2.2769,7.1598,2.2541,79.5,39.0,230.4,240.3,-280.5,47.1
6759,4.11,993.45,20.65,-2.6324,7.9080,1.4389,79.3,46.2,238.4,228.3,-292.5,44.7
6769,4.10,993.52,20.65,-2.0123,8.5736,0.3974,77.4,44.9,245.5,197.1,-297.3,43.5
6779,4.11,993.41,20.65,-0.9553,9.3170,0.3651,77.9,41.3,249.8,225.9,-309.3,45.3
6789,4.10,993.49,20.65,-1.2941,10.2759,0.8320,78.1,39.3,249.8,216.3,-314.1,40.5
6799,4.10,993.42,20.65,-3.1148,11.3281,1.4162,79.7,42.6,249.7,163.5,-302.1,51.9
6809,4.10,993.45,20.65,-4.1001,12.3493,1.2689,80.6,58.2,249.8,137.1,-316.5,46.5
6819,4.10,993.46,20.65,-3.9013,13.0903,0.3089,77.3,67.8,249.8,153.9,-316.5,54.3
6829,4.10,993.41,20.65,-3.8882,13.6780,-0.6596,73.9,65.8,249.8,113.1,-326.1,55.5
6839,4.10,993.46,20.65,-4.5633,13.1932,-0.3926,70.8,62.8,249.8,105.9,-328.5,51.9
6849,4.10,993.47,20.65,-5.2529,13.1441,0.5698,76.7,69.5,249.8,84.3,-338.1,50.1
6859,4.10,993.45,20.65,-5.0386,13.5799,0.6177,80.3,84.8,249.8,57.9,-330.9,50.1
6869,4.10,993.47,20.65,-4.5825,13.4973,-0.2334,79.3,95.8,249.8,21.9,-326.1,55.5
6879,4.10,993.48,20.65,-4.6052,13.2291,-1.0606,78.8,102.0,249.2,36.3,-302.1,65.7
6889,4.10,993.47,20.65,-4.8135,12.9538,-1.5838,77.5,103.8,244.3,7.5,-326.1,54.9
6899,4.10,993.46,20.65,-5.0434,12.7228,-1.5921,76.3,99.6,239.3,5.1,-333.3,71.1
6909,4.10,993.42,20.65,-5.5390,13.0388,-1.4700,76.0,93.7,236.5,-9.3,-309.3,60.9
6919,4.10,993.49,20.65,-5.9532,13.5607,-1.6640,73.8,87.6,232.2,-11.7,-328.5,63.9
6929,4.10,993.46,20.65,-6.2237,13.7128,-1.8998,70.5,82.2,223.3,-42.9,-290.1,60.9
6939,4.10,993.53,20.65,-6.1519,12.9849,-1.9477,66.4,79.2,210.9,-59.7,-306.9,63.9
6949,4.10,993.52,20.65,-6.5517,12.0667,-1.6245,65.2,75.8,195.2,-86.1,-294.9,69.9
6959,4.10,993.40,20.65,-8.3306,11.2707,-1.2605,65.7,69.1,175.7,-74.1,-282.9,67.5
6969,4.10,993.45,20.65,-10.7368,10.3477,-1.5251,61.1,55.3,150.2,-93.3,-275.7,67.5
6979,4.10,993.46,20.65,-12.7084,9.2919,-1.6676,56.3,30.3,117.0,-95.7,-285.3,71.7
6989,4.10,993.49,20.65,-13.3704,8.6849,-1.5095,51.1,0.9,78.2,-78.9,-275.7,63.9
6999,4.10,993.45,20.65,-12.4630,8.7987,-1.3539,39.9,-27.2,36.8,-62.1,-261.3,69.9
7009,4.10,993.47,20.65,-11.3401,9.3840,-1.1133,23.6,-50.3,-3.4,-100.5,-256.5,68.1
7019,4.10,993.46,20.65,-10.7224,9.8174,-0.3124,5.0,-61.2,-40.9,-105.3,-254.1,76.5
7029,4.10,993.47,20.65,-9.9850,9.9814,0.1401,-15.7,-59.7,-75.4,-100.5,-254.1,68.1
7039,4.10,993.52,20.65,-8.7185,10.1119,-0.4465,-34.5,-53.7,-105.9,-93.3,-263.7,66.9
7049,4.10,993.43,20.65,-4.2976,11.1917,-3.7948,-52.7,-43.2,-129.7,-74.1,-266.1,69.3
7059,4.10,993.42,20.65,-4.2976,11.1917,-3.7948,-52.7,-43.2,-129.7,-74.1,-266.1,69.3
7069,4.10,993.32,20.65,3.5087,10.6314,-8.5341,-66.0,-17.0,-138.5,-76.5,-282.9,65.1
7079,4.10,993.38,20.65,16.5247,11.4862,-13.0879,-41.4,18.5,-124.6,-88.5,-290.1,66.9
7089,4.10,993.48,20.65,24.8146,15.0918,-4.6986,3.0,9.1,-68.2,-57.3,-290.1,62.7
7099,4.10,993.53,20.65,14.5950,20.2477,7.6004,16.9,-31.0,-29.1,-21.3,-297.3,64.5
7109,4.10,993.49,20.65,-4.9045,15.9166,3.5374,-53.1,59.9,-73.0,-62.1,-280.5,62.1
7119,4.10,993.49,20.65,-14.9302,15.5216,1.5335,-49.9,156.3,-126.1,-81.3,-306.9,67.5
7129,4.10,993.57,20.65,-6.4739,16.0291,3.5578,-50.7,171.1,-164.5,-45.3,-285.3,54.3
7139,4.10,993.49,20.65,-3.0023,10.9822,4.0450,-70.9,113.8,-158.2,-45.3,-314.1,59.7
7149,4.10,993.51,20.65,-6.7277,10.6673,5.5474,-20.0,76.5,-135.4,-30.9,-302.1,56.1
7159,4.10,993.43,20.65,-4.1946,8.3510,0.5016,-18.9,33.7,-121.4,-35.7,-316.5,57.9
7169,4.10,993.53,20.70,-4.1946,8.3510,0.5016,-18.9,33.7,-121.4,-35.7,-316.5,57.9
7179,4.10,993.60,20.70,-5.9843,8.5245,-4.7525,-5.9,41.0,-114.7,-35.7,-314.1,53.7
7189,4.10,993.57,20.70,-5.1415,9.4834,-6.5852,3.7,34.4,-111.6,-33.3,-333.3,58.5
7199,4.10,993.56,20.70,-6.1758,9.0261,-5.4252,2.8,27.6,-107.9,-11.7,-297.3,59.7
7209,4.10,993.58,20.70,-7.4531,9.5205,-4.6998,10.9,18.3,-98.9,2.7,-304.5,64.5
7219,4.10,993.68,20.70,-5.3822,11.0013,-1.5897,14.1,-22.1,-89.3,2.7,-311.7,59.7
7229,4.10,993.57,20.70,-3.1927,10.7009,0.5339,-7.8,-77.4,-83.6,-11.7,-323.7,58.5
7239,4.10,993.58,20.70,-2.5738,8.4707,-0.9337,-19.7,-91.4,-72.1,12.3,-299.7,63.9
7249,4.10,993.53,20.70,-1.8040,8.5197,0.4453,2.2,-61.7,-57.8,24.3,-309.3,59.7
7259,4.10,993.56,20.70,-0.0730,10.4136,0.5076,12.8,-27.6,-54.5,21.9,-309.3,60.9
7269,4.10,993.56,20.70,-0.1209,10.4207,-0.9098,-3.1,-15.6,-58.3,19.5,-323.7,59.1
7279,4.10,993.55,20.70,-1.2115,9.9850,-1.3144,-3.9,-6.9,-59.1,21.9,-318.9,56.1
7289,4.10,993.56,20.70,-1.6484,9.8114,-0.6381,3.3,2.6,-55.5,24.3,-321.3,62.7
7299,4.10,993.58,20.70,-0.8344,9.6486,0.3699,8.1,3.6,-52.5,26.7,-328.5,56.1
7309,4.10,993.48,20.70,0.0144,9.3601,-0.2574,7.5,1.4,-51.6,21.9,-321.3,65.1
7319,4.10,993.50,20.70,-1.6269,8.8657,-3.2932,3.4,-9.4,-50.0,14.7,-323.7,64.5
7329,4.10,993.56,20.70,-3.5889,8.2336,-3.7505,3.8,-28.0,-45.4,36.3,-306.9,69.9
7339,4.10,993.58,20.70,-2.3020,9.0812,-1.7370,16.0,-33.6,-41.0,24.3,-326.1,59.7
7349,4.10,993.60,20.70,-0.7482,9.3793,-1.4856,13.1,-36.1,-42.7,60.3,-338.1,65.7
7359,4.10,993.51,20.70,-1.6688,8.4766,-2.1464,6.5,-33.8,-44.1,38.7,-326.1,51.9
7369,4.10,993.53,20.70,-2.9341,8.3605,-1.6149,9.6,-22.0,-41.8,38.7,-323.7,52.5
7379,4.10,993.53,20.70,-2.5977,8.8633,-1.8112,7.7,-20.7,-41.3,55.5,-328.5,60.3
7389,4.10,993.55,20.70,-2.1883,8.8573,-1.8759,2.5,-28.2,-41.0,41.1,-314.1,61.5
7399,4.10,993.52,20.70,-2.1272,9.3996,-1.4605,8.3,-25.7,-37.7,60.3,-318.9,65.1
7409,4.10,993.56,20.70,-2.1727,9.7408,-0.9768,9.8,-29.1,-37.0,62.7,-330.9,61.5
7419,4.10,993.56,20.70,-2.0530,9.3050,-1.1576,5.5,-35.4,-38.5,62.7,-321.3,62.7
7429,4.10,993.56,20.70,-1.9656,9.0537,-1.8160,4.5,-36.6,-39.4,65.1,-311.7,61.5
7439,4.10,993.39,20.70,-1.9944,9.0920,-1.9968,4.6,-35.4,-39.3,98.7,-314.1,59.7
7449,4.10,993.50,20.70,-1.9369,9.1003,-2.3726,3.5,-33.3,-39.3,69.9,-302.1,66.9
7459,4.11,993.51,20.70,-2.1476,8.6071,-2.6372,1.2,-31.3,-39.7,81.9,-321.3,59.7
7469,4.10,993.49,20.70,-2.2338,8.7592,-2.3511,5.3,-28.5,-39.4,69.9,-326.1,61.5
7479,4.10,993.55,20.70,-2.0758,9.1865,-2.1835,5.5,-28.1,-40.9,72.3,-314.1,57.9
7489,4.10,993.51,20.70,-1.8998,9.1817,-2.3762,-0.4,-30.8,-43.7,67.5,-318.9,63.3
7499,4.10,993.50,20.70,-1.6676,9.2428,-2.4936,-2.0,-30.3,-45.1,98.7,-318.9,58.5
7509,4.10,993.54,20.70,-1.8483,9.4667,-1.9764,0.1,-27.8,-46.2,103.5,-311.7,58.5
7519,4.10,993.56,20.70,-2.1907,9.7025,-1.8184,-0.7,-28.1,-48.7,93.9,-309.3,62.7
7529,4.10,993.51,20.70,-2.7701,9.5983,-1.9130,-4.4,-30.3,-50.9,89.1,-321.3,57.9
7539,4.10,993.48,20.70,-2.9664,9.6127,-1.8435,-4.2,-29.8,-51.1,98.7,-328.5,57.3
7549,4.11,993.54,20.70,-2.8347,9.7959,-2.0255,-4.9,-29.8,-51.8,72.3,-316.5,56.7
7559,4.10,993.50,20.70,-2.6839,9.5241,-2.1272,-6.7,-30.4,-53.0,105.9,-330.9,57.3
7569,4.10,993.45,20.70,-2.2625,9.2943,-2.3858,-5.1,-26.7,-53.7,115.5,-302.1,71.7
7579,4.10,993.45,20.70,-1.6364,9.3972,-2.6252,-5.6,-25.5,-55.7,125.1,-314.1,63.9
7589,4.10,993.43,20.70,-1.7633,9.6546,-2.8323,-7.8,-26.8,-58.9,113.1,-316.5,65.7
7599,4.10,993.54,20.70,-2.0123,9.9192,-3.0490,-9.4,-26.5,-63.2,146.7,-311.7,61.5
7609,4.10,993.52,20.70,-1.5874,10.1717,-2.9640,-11.3,-28.5,-68.4,146.7,-314.1,62.1
7619,4.10,993.51,20.70,-1.1636,10.4124,-2.4995,-12.3,-29.6,-73.6,127.5,-302.1,67.5
7629,4.10,993.46,20.70,-1.3826,10.6877,-2.4050,-15.6,-30.3,-79.2,141.9,-309.3,65.7
7639,4.10,993.53,20.70,-2.1033,10.9558,-2.2877,-20.0,-28.6,-84.4,132.3,-302.1,64.5
7649,4.10,993.45,20.70,-2.4864,11.5700,-1.9046,-21.8,-27.9,-89.1,144.3,-309.3,67.5
7659,4.10,993.48,20.70,-2.2900,11.7387,-1.9429,-28.7,-30.7,-94.7,144.3,-299.7,67.5
7669,4.10,993.53,20.72,-2.1129,11.5388,-1.6352,-33.0,-31.3,-99.5,180.3,-297.3,69.3
7679,4.10,993.61,20.72,-2.2948,11.7352,-1.4808,-34.8,-32.1,-103.8,163.5,-309.3,57.3
7689,4.10,993.60,20.72,-2.4541,11.7723,-1.6448,-40.1,-33.1,-108.7,156.3,-290.1,52.5
7699,4.10,993.56,20.72,-2.4780,12.2068,-1.7095,-42.9,-34.0,-112.9,158.7,-292.5,48.3
7709,4.10,993.55,20.72,-3.0562,12.4929,-2.1332,-48.3,-36.9,-116.8,189.9,-302.1,58.5
7719,4.10,993.55,20.72,-3.5662,12.7120,-2.2817,-49.7,-43.5,-121.0,185.1,-292.5,57.9
7729,4.10,993.53,20.72,-3.3303,13.7415,-2.2051,-47.0,-54.8,-125.0,206.7,-280.5,50.7
7739,4.10,993.63,20.72,-2.0303,15.2151,-2.4995,-50.5,-62.9,-129.7,213.9,-304.5,51.3
7749,4.10,993.53,20.72,0.1915,16.1548,-2.6444,-57.3,-62.3,-134.4,218.7,-294.9,56.1
7759,4.10,993.53,20.72,1.5550,15.6940,-2.5343,-61.4,-56.7,-138.3,221.1,-287.7,50.7
7769,4.10,993.49,20.72,1.8567,15.6521,-2.6025,-59.3,-54.7,-142.8,209.1,-287.7,45.9
7779,4.10,993.46,20.72,2.3966,16.4158,-3.0981,-59.6,-61.6,-148.2,228.3,-285.3,42.9
7789,4.10,993.50,20.72,2.7880,17.1005,-3.9025,-62.9,-78.4,-150.6,247.5,-280.5,49.5
7799,4.10,993.49,20.72,2.6300,17.9852,-4.7441,-59.9,-89.5,-148.2,247.5,-287.7,42.3
7809,4.10,993.48,20.72,1.9082,18.5143,-5.0913,-57.0,-93.6,-142.8,257.1,-261.3,39.3
7819,4.10,993.48,20.72,-0.3891,17.4692,-4.6028,-62.3,-96.0,-138.5,249.9,-251.7,42.3
7829,4.10,993.42,20.72,-3.4213,15.4485,-3.7529,-69.2,-87.7,-141.6,281.1,-249.3,42.9
7839,4.10,993.43,20.72,-4.5131,14.2359,-3.0083,-70.8,-66.2,-150.2,309.9,-242.1,39.9
7849,4.10,993.48,20.72,-4.0127,12.7048,-2.2398,-78.6,-51.3,-156.3,278.7,-258.9,38.7
7859,4.10,993.48,20.72,-3.3770,10.6230,-1.9142,-82.1,-47.4,-153.9,341.1,-261.3,43.5
7869,4.10,993.49,20.72,-1.9956,8.7951,-1.9405,-67.5,-33.6,-140.8,278.7,-249.3,35.7
7879,4.10,993.49,20.72,-1.8148,6.6702,-1.0056,-48.2,1.6,-117.1,319.5,-239.7,39.9
7889,4.10,993.48,20.72,-4.9704,4.5921,-0.7590,-37.1,20.8,-88.5,295.5,-227.7,36.3
7899,4.10,993.52,20.72,-7.6231,3.4680,0.2143,-29.7,16.4,-62.4,321.9,-239.7,36.9
7909,4.10,993.49,20.72,-7.6231,2.9269,0.5854,-23.1,10.9,-49.5,307.5,-213.3,32.1
7919,4.10,993.50,20.72,-3.1867,2.7246,-2.5869,-7.1,13.2,-38.3,326.7,-220.5,36.9
7929,4.10,993.49,20.72,2.0039,2.2230,-3.3770,2.3,27.9,-9.7,312.3,-215.7,36.3
7939,4.10,993.47,20.72,2.0039,2.2230,-3.3770,2.3,27.9,-9.7,312.3,-215.7,36.3
7949,4.10,993.50,20.72,3.6607,1.7202,-2.0722,8.7,40.9,22.8,317.1,-218.1,42.9
7959,4.10,993.44,20.72,1.9537,1.7741,-0.1329,23.1,38.0,50.7,314.7,-206.1,35.7
7969,4.11,993.52,20.72,-0.9984,1.6843,0.6369,29.2,25.7,69.7,319.5,-230.1,39.3
7979,4.10,993.43,20.72,-2.7773,1.8423,-0.0251,36.4,20.6,84.6,309.9,-220.5,36.9
7989,4.10,993.46,20.72,-2.7641,2.7976,-0.8918,48.6,19.4,101.1,302.7,-230.1,36.9
7999,4.11,993.43,20.72,-1.7956,3.6811,-1.1552,52.8,23.4,119.2,302.7,-239.7,35.1
8009,4.10,993.41,20.72,-1.4341,3.9756,-0.1760,52.4,28.1,137.7,297.9,-244.5,41.1
8019,4.10,993.44,20.72,-1.8471,3.8379,0.6488,52.5,26.5,156.4,290.7,-237.3,35.1
8029,4.10,993.43,20.72,-2.0770,3.9361,0.9493,54.3,21.5,176.7,269.1,-256.5,47.1
8039,4.11,993.35,20.72,-1.9980,4.3957,0.7147,57.7,20.6,195.8,264.3,-256.5,39.9
8049,4.10,993.37,20.72,-2.0865,4.8925,-0.0407,60.9,22.2,212.1,249.9,-256.5,38.7
8059,4.10,993.35,20.72,-2.4050,5.5150,0.1437,65.8,25.6,226.2,252.3,-263.7,40.5
8069,4.10,993.36,20.72,-2.7892,6.1411,0.3819,69.3,25.8,238.4,228.3,-287.7,36.9
8079,4.10,993.37,20.72,-3.1939,6.4212,0.2155,71.3,22.1,248.4,206.7,-292.5,44.1
8089,4.10,993.43,20.72,-3.2262,6.7480,-0.6069,75.0,15.0,249.8,223.5,-294.9,45.3
8099,4.10,993.34,20.72,-3.0406,7.1610,-1.4233,79.8,2.6,249.7,211.5,-321.3,51.9
8109,4.10,993.36,20.72,-3.0346,7.6722,-1.4245,86.6,-12.3,249.7,175.5,-304.5,42.3
8119,4.10,993.43,20.72,-2.6408,8.3474,0.0287,96.1,-24.0,249.8,163.5,-335.7,44.1
8129,4.10,993.35,20.72,-2.5893,9.7635,0.9481,108.5,-23.3,249.8,149.1,-311.7,41.7
8139,4.10,993.39,20.72,-3.5757,11.0277,-0.1089,113.9,-16.7,249.8,141.9,-321.3,47.1
8149,4.10,993.44,20.72,-4.3862,12.1769,-0.7218,117.8,-18.9,249.8,132.3,-306.9,51.3
8159,4.10,993.42,20.72,-4.4712,13.0508,-0.4178,122.0,-20.6,249.8,115.5,-330.9,48.9
8169,4.10,993.52,20.77,-3.8451,13.0795,0.4477,124.4,-9.4,249.8,93.9,-345.3,61.5
8179,4.10,993.59,20.77,-2.5426,13.3189,2.0973,129.7,17.0,249.8,101.1,-323.7,58.5
8189,4.10,993.56,20.77,-2.4157,14.2395,2.1655,134.8,57.1,249.8,45.9,-309.3,60.3
8199,4.10,993.54,20.77,-3.3531,14.7315,-0.0407,129.0,86.3,249.8,60.3,-316.5,67.5
8209,4.11,993.54,20.77,-3.9097,14.6321,-1.5694,117.1,98.0,249.8,5.1,-309.3,57.9
8219,4.10,993.61,20.77,-4.1958,14.4765,-1.5191,110.7,105.3,249.8,14.7,-309.3,59.7
8229,4.10,993.54,20.77,-5.0350,14.9158,-1.0750,109.0,117.6,249.8,-6.9,-311.7,67.5
8239,4.10,993.48,20.77,-5.6443,15.8208,-1.2522,101.8,124.4,249.8,-23.7,-290.1,69.3
8249,4.10,993.49,20.77,-6.2321,15.8292,-2.1117,89.7,122.8,245.4,-40.5,-290.1,78.3
8259,4.10,993.55,20.77,-7.3406,14.9829,-2.4265,83.9,122.3,228.3,-50.1,-282.9,81.9
8269,4.10,993.54,20.77,-9.7599,13.7056,-1.7561,86.3,120.9,204.7,-57.3,-282.9,74.7
8279,4.10,993.57,20.77,-12.5013,12.3289,-0.6009,88.8,110.6,175.8,-90.9,-280.5,77.1
8289,4.10,993.55,20.77,-15.1948,11.2707,-0.3759,84.1,85.9,137.5,-100.5,-278.1,74.7
8299,4.10,993.50,20.77,-18.0822,9.4463,-1.3898,65.2,45.5,88.1,-107.7,-258.9,75.3
8309,4.10,993.54,20.77,-17.8164,8.0421,-1.1875,47.3,-5.5,33.9,-102.9,-273.3,69.9
8319,4.10,993.55,20.77,-13.9354,9.2368,0.5291,31.7,-42.9,-18.8,-119.7,-263.7,75.9
8329,4.10,993.63,20.77,-11.3868,10.5033,1.7370,0.4,-49.8,-65.2,-83.7,-254.1,73.5
8339,4.10,993.63,20.77,-10.5141,11.2599,2.0315,-30.9,-34.3,-107.0,-102.9,-261.3,72.9
8349,4.10,993.48,20.77,-6.5541,12.2391,-2.0303,-66.7,-7.8,-142.6,-83.7,-297.3,77.7
8359,4.10,993.37,20.77,1.4497,10.4351,-10.5237,-98.0,19.4,-160.3,-78.9,-280.5,74.7
8369,4.10,993.34,20.77,17.7374,10.1945,-19.4337,-75.2,65.8,-150.5,-64.5,-280.5,69.9
8379,4.10,993.50,20.77,24.5597,14.9757,-7.5537,11.5,27.7,-74.7,-76.5,-285.3,61.5
8389,4.10,993.59,20.77,9.4415,25.4730,10.5788,81.3,-75.0,-11.5,-40.5,-263.7,77.1
8399,4.10,993.53,20.77,-15.1505,22.0589,5.3175,-35.5,28.8,-77.7,-62.1,-287.7,71.1
8409,4.10,993.50,20.77,-16.1907,19.6468,3.6320,-78.2,115.9,-150.4,-52.5,-270.9,71.1
8419,4.10,993.53,20.77,4.3670,15.6389,5.9795,-98.2,74.8,-175.0,-40.5,-309.3,62.1
8429,4.10,993.59,20.77,0.3124,9.3445,7.4807,-73.0,33.2,-145.8,-30.9,-306.9,71.7
8439,4.10,993.64,20.77,-7.4675,10.2914,7.7596,-12.0,69.9,-129.0,-50.1,-309.3,67.5
8449,4.10,993.53,20.77,-6.2034,9.1614,3.1005,-29.7,88.5,-130.3,-45.3,-302.1,68.1
8459,4.10,993.45,20.77,-4.5035,9.0393,-3.2741,-28.6,71.5,-126.1,-42.9,-302.1,60.9
8469,4.10,993.47,20.77,-5.5533,9.1195,-6.6834,-24.2,65.2,-125.1,-52.5,-316.5,65.1
8479,4.10,993.46,20.77,-5.0948,8.4970,-7.6830,-17.3,71.5,-122.7,-40.5,-326.1,57.3
8489,4.10,993.46,20.77,-5.6407,7.3813,-7.1323,-1.4,60.8,-114.0,-18.9,-340.5,63.3
8499,4.10,993.47,20.77,-6.5924,7.2688,-5.3139,7.9,18.5,-100.9,-16.5,-318.9,60.3
8509,4.10,993.46,20.77,-5.9699,8.3162,-3.5243,2.8,-57.1,-90.8,-9.3,-326.1,60.3
8519,4.10,993.44,20.77,-4.1120,8.6095,-0.4645,-3.8,-123.6,-77.7,-9.3,-328.5,61.5
8529,4.10,993.50,20.77,-2.0794,9.6055,2.5809,9.4,-123.6,-63.9,-9.3,-321.3,66.3
8539,4.10,993.58,20.77,0.8140,11.0576,3.8870,18.3,-83.6,-54.0,7.5,-318.9,62.1
8549,4.10,993.51,20.77,1.1827,11.3186,1.0008,5.7,-53.6,-56.9,29.1,-304.5,57.9
8559,4.10,993.50,20.77,0.7769,10.7571,-1.2486,-0.5,-30.5,-63.8,9.9,-306.9,63.3
8569,4.10,993.56,20.77,0.3089,10.1131,-0.7805,2.4,-9.2,-67.3,45.9,-316.5,62.7
8579,4.10,993.52,20.77,-2.1069,9.7133,-1.1815,5.9,10.6,-64.0,55.5,-318.9,66.9
8589,4.10,993.43,20.77,-5.3379,9.2212,-3.5973,1.9,-2.1,-56.9,53.1,-306.9,59.1
8599,4.10,993.53,20.77,-5.7533,8.0984,-3.8175,-0.7,-37.9,-49.7,86.7,-328.5,61.5
8609,4.10,993.52,20.77,-2.9173,8.5209,-1.9704,11.5,-58.1,-43.4,41.1,-314.1,61.5
8619,4.10,993.50,20.77,-0.4561,9.4906,-1.4090,13.0,-59.8,-41.5,43.5,-302.1,66.3
8629,4.10,993.53,20.77,0.1664,9.7097,-1.3204,7.3,-47.1,-41.6,48.3,-328.5,71.7
8639,4.10,993.50,20.77,-0.6105,9.5516,-1.2845,4.3,-29.4,-41.4,55.5,-309.3,62.1
8649,4.10,993.46,20.77,-2.0087,8.9459,-1.6460,1.5,-15.6,-41.5,50.7,-328.5,65.7
8659,4.10,993.49,20.77,-2.7797,8.4910,-2.2218,1.3,-14.7,-41.5,69.9,-304.5,62.1
8669,4.10,993.55,20.79,-2.7138,8.4790,-2.4110,3.4,-19.9,-39.9,60.3,-309.3,66.9
8679,4.10,993.62,20.79,-2.5307,8.7041,-2.5031,5.7,-21.7,-37.4,62.7,-306.9,60.3
8689,4.10,993.62,20.79,-2.4864,8.7915,-2.7426,5.2,-26.7,-36.2,62.7,-309.3,69.9
8699,4.10,993.56,20.79,-1.6448,8.8873,-2.6995,4.6,-30.2,-35.5,77.1,-335.7,60.9
8709,4.10,993.58,20.79,-0.5387,9.2919,-2.6995,4.8,-29.2,-35.4,62.7,-321.3,60.3
8719,4.10,993.59,20.79,-0.9002,9.1674,-2.6827,2.3,-26.7,-36.1,89.1,-314.1,61.5
8729,4.10,993.56,20.79,-1.6867,8.9208,-2.8659,1.4,-22.1,-37.7,62.7,-309.3,69.3
8739,4.11,993.68,20.79,-2.0267,8.7628,-2.8455,-0.0,-21.9,-39.6,74.7,-323.7,68.7
8749,4.10,993.64,20.79,-2.2398,8.9447,-2.6552,-0.3,-22.8,-40.4,67.5,-309.3,67.5
8759,4.10,993.54,20.79,-2.3559,9.2284,-2.6516,-0.8,-24.6,-41.2,74.7,-318.9,66.3
8769,4.10,993.51,20.79,-2.2266,9.2931,-2.4026,-1.8,-29.1,-42.7,79.5,-323.7,69.3
8779,4.10,993.56,20.79,-1.6939,9.4571,-2.2242,-3.1,-29.9,-44.1,77.1,-311.7,66.3
8789,4.10,993.58,20.79,-1.0941,9.5816,-2.5367,-7.8,-28.9,-46.6,86.7,-316.5,60.3
8799,4.10,993.63,20.79,-1.2581,9.4032,-2.5103,-11.2,-26.8,-48.8,86.7,-326.1,71.1
8809,4.10,993.57,20.79,-1.2581,9.4032,-2.5103,-11.2,-26.8,-48.8,86.7,-326.1,71.1
8819,4.10,993.51,20.79,-1.9692,9.5672,-2.4145,-10.3,-23.6,-50.2,79.5,-321.3,68.7
8829,4.10,993.51,20.79,-2.7330,9.7156,-2.1177,-10.3,-23.6,-51.6,96.3,-321.3,70.5
8839,4.10,993.53,20.79,-3.0155,10.0029,-1.8184,-9.9,-24.5,-52.8,105.9,-326.1,59.7
8849,4.10,993.56,20.79,-3.0478,10.0664,-1.7933,-12.1,-26.6,-54.1,93.9,-294.9,62.7
8859,4.10,993.53,20.79,-2.7773,10.0341,-1.8902,-13.8,-31.3,-55.7,103.5,-299.7,61.5
8869,4.10,993.52,20.79,-1.8471,10.1023,-1.9189,-14.0,-35.0,-57.6,110.7,-316.5,61.5
8879,4.10,993.48,20.79,-0.7865,10.4136,-2.3044,-15.8,-37.3,-61.3,132.3,-316.5,63.3
8889,4.10,993.49,20.79,-0.3100,10.4028,-2.6540,-20.6,-37.2,-66.2,161.1,-306.9,66.3
8899,4.10,993.56,20.79,-0.3723,10.2891,-2.5797,-21.0,-32.7,-71.3,127.5,-309.3,59.7
8909,4.10,993.60,20.79,-0.7099,10.1023,-2.6564,-21.7,-27.2,-76.7,139.5,-314.1,62.1
8919,4.10,993.52,20.79,-1.6544,9.9730,-2.5833,-24.9,-22.9,-81.6,127.5,-318.9,68.1
8929,4.10,993.52,20.79,-2.5678,10.5057,-2.3547,-25.9,-22.0,-86.1,134.7,-318.9,62.7
8939,4.10,993.52,20.79,-2.7892,10.8768,-2.3379,-31.0,-25.3,-90.9,153.9,-306.9,61.5
8949,4.10,993.46,20.79,-2.5630,10.9511,-2.2841,-35.0,-29.0,-94.8,149.1,-321.3,57.3
8959,4.10,993.52,20.79,-2.3726,11.3114,-2.4325,-36.7,-31.9,-98.5,158.7,-285.3,64.5
8969,4.10,993.49,20.79,-2.2924,11.4945,-2.6791,-41.9,-33.3,-102.4,177.9,-294.9,57.9
8979,4.10,993.51,20.79,-2.2960,11.6837,-2.8359,-45.0,-31.8,-106.4,163.5,-309.3,62.7
8989,4.10,993.50,20.79,-2.5295,11.7878,-3.2094,-48.4,-32.6,-110.7,168.3,-306.9,56.1
8999,4.10,993.51,20.79,-2.8898,11.8297,-3.0251,-49.0,-36.4,-114.7,177.9,-316.5,57.3
9009,4.10,993.50,20.79,-2.3750,12.4426,-2.5211,-46.5,-41.5,-118.7,192.3,-299.7,52.5
9019,4.10,993.56,20.79,-1.5287,13.0172,-2.2517,-50.1,-46.5,-123.1,201.9,-280.5,53.1
9029,4.10,993.54,20.79,-0.7171,14.1246,-2.4696,-55.7,-47.0,-128.2,209.1,-292.5,53.1
9039,4.10,993.52,20.79,-0.0048,14.9937,-2.3762,-62.2,-43.5,-133.4,235.5,-294.9,53.1
9049,4.10,993.40,20.79,0.1856,15.2115,-2.3044,-65.0,-43.5,-139.5,209.1,-294.9,48.9
9059,4.10,993.50,20.79,0.2442,15.7957,-2.3319,-62.6,-52.4,-146.7,218.7,-273.3,50.1
9069,4.10,993.47,20.79,1.5670,17.0060,-2.6935,-61.8,-70.5,-151.9,218.7,-282.9,46.5
9079,4.10,993.42,20.79,2.5594,17.9026,-3.0263,-64.0,-91.3,-151.2,281.1,-290.1,46.5
9089,4.10,993.41,20.79,2.2362,18.6244,-3.5087,-64.2,-106.6,-145.9,225.9,-282.9,50.1
9099,4.10,993.48,20.79,1.1612,19.3619,-2.9736,-63.4,-120.7,-136.3,247.5,-280.5,52.5
9109,4.10,993.42,20.79,-0.5471,19.1919,-1.9082,-67.2,-132.2,-126.7,254.7,-273.3,39.3
9119,4.10,993.46,20.79,-1.1744,16.3990,-2.4888,-87.2,-122.1,-131.6,278.7,-261.3,39.9
9129,4.10,993.48,20.79,-1.4222,12.5564,-2.9125,-99.2,-80.6,-146.6,288.3,-254.1,39.3
9139,4.10,993.46,20.79,-3.3112,11.0109,-3.3040,-90.4,-38.0,-153.1,273.9,-256.5,36.3
9149,4.10,993.45,20.79,-4.5861,9.6929,-3.1855,-80.7,-26.5,-149.2,283.5,-234.9,46.5
9159,4.11,993.46,20.79,-3.6188,8.3474,-1.8962,-62.9,-23.7,-139.8,305.1,-239.7,33.3
9169,4.10,993.50,20.81,-3.3519,6.7840,-0.7745,-48.6,0.7,-124.8,309.9,-230.1,36.3
9179,4.10,993.59,20.81,-5.9208,5.0015,-1.3216,-47.1,20.3,-98.2,273.9,-237.3,30.3
9189,4.10,993.61,20.81,-8.7173,4.1611,0.4310,-33.5,27.1,-68.0,317.1,-218.1,35.7
9199,4.10,993.52,20.81,-7.1670,4.0845,-0.9732,-16.5,27.5,-54.3,333.9,-234.9,42.3
9209,4.10,993.52,20.81,-1.1863,3.3507,-3.4919,-7.7,25.6,-35.7,336.3,-218.1,28.5
9219,4.10,993.53,20.81,2.4983,1.5969,-3.0957,-8.4,32.7,-5.3,331.5,-227.7,36.3
9229,4.10,993.48,20.81,2.0853,0.4729,-1.5850,6.5,37.0,25.2,326.7,-218.1,36.3
9239,4.10,993.57,20.81,0.0563,0.2430,-0.0718,26.8,24.4,52.7,326.7,-218.1,29.7
9249,4.10,993.50,20.81,-2.1883,0.2274,0.3077,31.4,3.6,71.3,312.3,-206.1,32.7
9259,4.10,993.51,20.81,-4.2521,0.5315,-0.2646,36.8,-5.4,87.9,331.5,-242.1,39.3
9269,4.10,993.59,20.81,-4.1132,1.6137,-1.0127,49.1,-1.8,106.8,319.5,-230.1,41.1
9279,4.10,993.51,20.81,-2.3858,2.8383,-1.2079,54.6,5.6,126.3,324.3,-230.1,44.1
9289,4.10,993.51,20.81,-1.7801,3.3291,-0.5387,52.4,6.2,145.8,283.5,-227.7,35.1
9299,4.10,993.52,20.81,-2.1009,3.2106,0.3160,51.5,-0.0,166.6,288.3,-266.1,39.3
9309,4.10,993.49,20.81,-2.3499,3.2729,0.8092,56.3,-4.5,187.8,302.7,-261.3,42.3
9319,4.10,993.47,20.81,-2.2326,3.8834,0.7230,62.1,-3.6,205.5,266.7,-263.7,39.9
9329,4.11,993.54,20.81,-1.6831,4.5023,0.2909,64.8,-1.9,217.8,264.3,-280.5,35.7
9339,4.10,993.45,20.81,-1.2725,4.8866,0.1520,67.5,5.2,226.5,297.9,-282.9,41.7
9349,4.10,993.44,20.81,-1.5215,5.1475,-0.0682,72.0,16.4,234.5,245.1,-299.7,36.9
9359,4.10,993.48,20.81,-2.2649,5.7940,-0.4968,79.3,21.5,241.2,240.3,-290.1,38.7
9369,4.10,993.49,20.81,-3.0406,6.8187,-0.7003,87.8,23.8,246.3,230.7,-294.9,45.3
9379,4.10,993.46,20.81,-3.4309,7.9691,-0.8392,93.3,25.9,249.8,218.7,-318.9,50.1
9389,4.10,993.50,20.81,-3.1603,8.9172,-1.0810,95.5,24.4,249.8,187.5,-309.3,50.7
9399,4.10,993.46,20.81,-2.3655,9.9646,-0.7494,99.7,25.8,249.7,165.9,-318.9,48.3
9409,4.10,993.48,20.81,-2.1177,11.0803,-0.3555,102.8,31.5,249.8,158.7,-323.7,48.9
9419,4.10,993.45,20.81,-3.0765,12.2786,-0.5064,102.6,35.7,249.8,137.1,-309.3,53.1
9429,4.10,993.46,20.81,-4.7824,13.3141,-1.6664,100.6,31.6,249.8,139.5,-345.3,51.9
9439,4.10,993.45,20.81,-5.6551,13.4159,-2.1344,97.4,20.7,249.8,127.5,-309.3,57.9
9449,4.10,993.47,20.81,-5.0338,13.2267,-1.0427,99.5,18.2,249.8,84.3,-330.9,48.3
9459,4.10,993.49,20.81,-3.6631,13.9618,0.1018,109.1,29.9,249.8,98.7,-338.1,44.1
9469,4.10,993.49,20.81,-3.6009,14.4310,-0.5315,113.9,56.2,249.8,79.5,-342.9,56.7
9479,4.10,993.41,20.81,-3.8978,13.0771,-1.3180,107.6,78.6,247.7,50.7,-347.7,60.3
9489,4.10,993.53,20.81,-4.1779,12.4714,-1.7873,109.7,92.8,243.1,43.5,-335.7,65.1
9499,4.10,993.46,20.81,-4.2174,12.5037,-2.2051,110.1,99.8,238.6,0.3,-287.7,71.7
9509,4.10,993.49,20.81,-4.4592,12.8329,-2.2194,107.5,97.7,234.3,9.9,-326.1,68.1
9519,4.10,993.42,20.81,-4.9919,13.8492,-2.2924,108.1,92.7,230.9,-30.9,-333.3,57.9
9529,4.10,993.50,20.81,-5.4252,14.3891,-2.3116,104.2,90.3,227.7,-42.9,-321.3,66.3
9539,4.10,993.45,20.81,-6.0621,14.0288,-2.3990,99.4,88.2,223.5,-50.1,-294.9,77.7
9549,4.10,993.43,20.81,-6.6140,12.9658,-2.4337,95.6,82.8,216.6,-38.1,-270.9,68.7
9559,4.10,993.45,20.81,-6.9755,12.1613,-2.3750,94.8,71.4,203.8,-71.7,-287.7,71.7
9569,4.10,993.46,20.81,-7.8913,11.5915,-2.2146,95.2,56.8,184.2,-93.3,-268.5,72.9
9579,4.10,993.52,20.81,-9.4259,11.1174,-1.6795,98.0,39.9,157.7,-95.7,-273.3,75.3
9589,4.10,993.48,20.81,-11.0504,10.5536,-1.1313,97.4,22.4,125.7,-102.9,-263.7,71.1
9599,4.10,993.50,20.81,-12.6809,9.5145,-0.7769,87.1,-2.1,87.1,-88.5,-270.9,76.5
9609,4.10,993.49,20.81,-12.9430,8.7915,-0.3579,71.5,-36.3,43.2,-95.7,-230.1,74.1
9619,4.10,993.44,20.81,-11.0157,9.1003,0.3424,51.4,-64.6,-1.4,-95.7,-239.7,81.3
9629,4.10,993.49,20.81,-8.6598,10.0472,0.9637,22.8,-68.0,-41.8,-105.3,-237.3,74.7
9639,4.10,993.52,20.81,-7.2556,10.7236,1.7262,-7.5,-48.2,-77.5,-95.7,-256.5,79.5
9649,4.10,993.50,20.81,-6.2381,11.1713,2.4325,-33.2,-20.2,-111.1,-83.7,-242.1,75.3
9659,4.10,993.44,20.81,-5.6838,10.7056,2.1225,-57.7,8.7,-140.7,-86.1,-273.3,75.3
9669,4.10,993.51,20.84,-3.7900,10.6865,-0.5303,-74.2,32.9,-162.7,-88.5,-263.7,83.7
9679,4.10,993.55,20.84,-3.7900,10.6865,-0.5303,-74.2,32.9,-162.7,-88.5,-263.7,83.7
9689,4.10,993.36,20.84,6.4200,10.6925,-9.4068,-98.4,64.5,-170.1,-74.1,-290.1,69.9
9699,4.10,993.58,20.84,24.5369,7.9475,-18.7214,-86.0,117.4,-146.7,-71.7,-256.5,79.5
9709,4.10,993.71,20.84,29.0691,10.7966,-7.3729,9.6,116.2,-63.5,-59.7,-294.9,65.1
9719,4.10,993.68,20.84,12.0488,22.6623,11.5999,92.1,-9.1,9.0,-76.5,-299.7,72.9
9729,4.10,993.57,20.84,-12.2691,22.6467,7.5776,-25.2,113.1,-50.1,-62.1,-297.3,78.9
9739,4.10,993.57,20.84,-22.1667,20.9708,3.0179,-88.6,218.3,-127.1,-52.5,-287.7,70.5
9749,4.10,993.62,20.84,-2.8766,16.3978,2.3116,-107.6,181.2,-169.8,-66.9,-302.1,65.7
9759,4.10,993.60,20.84,-0.9852,11.4598,4.3574,-84.1,96.2,-148.6,-69.3,-304.5,60.3
9769,4.10,993.55,20.84,-7.5704,14.9111,7.6267,9.9,69.6,-126.9,-66.9,-297.3,65.7
9779,4.10,993.53,20.84,-5.1415,13.8468,5.1715,-14.3,56.8,-136.7,-50.1,-299.7,67.5
9789,4.10,993.50,20.84,-1.3012,8.9866,-1.5059,-41.8,67.6,-138.9,-57.3,-299.7,59.1
9799,4.10,993.55,20.84,-2.7270,7.2748,-7.3262,-23.0,62.5,-130.5,-52.5,-302.1,65.7
9809,4.10,993.47,20.84,-5.2792,5.8359,-7.4076,-10.3,30.8,-118.5,-40.5,-299.7,63.3
9819,4.10,993.49,20.84,-9.3565,6.1519,-6.2584,7.1,21.2,-107.2,-18.9,-328.5,65.7
9829,4.10,993.48,20.84,-10.2675,7.3155,-7.3358,9.7,0.4,-96.2,-21.3,-314.1,60.3
9839,4.10,993.53,20.84,-6.9659,8.4156,-4.5214,7.3,-54.2,-83.4,-18.9,-302.1,58.5
9849,4.10,993.55,20.84,-3.9851,9.4595,0.2322,3.1,-102.1,-66.3,-6.9,-302.1,59.1
9859,4.10,993.52,20.84,-2.8156,10.4722,1.2402,0.5,-120.2,-53.5,-2.1,-333.3,58.5
9869,4.10,993.61,20.84,-1.9046,11.1174,1.1217,2.4,-102.3,-45.7,12.3,-333.3,66.9
9879,4.11,993.59,20.84,-0.2023,11.1402,0.6728,0.9,-79.7,-43.6,12.3,-333.3,65.7
9889,4.10,993.56,20.84,1.6879,10.8146,1.0642,0.8,-52.3,-44.6,12.3,-326.1,62.1
9899,4.10,993.55,20.84,2.6240,10.6685,0.5004,0.7,-20.0,-49.5,14.7,-309.3,62.1
9909,4.10,993.55,20.84,1.2665,9.5744,-1.1348,-2.7,4.6,-54.1,14.7,-338.1,65.7
9919,4.10,993.52,20.84,-0.7254,8.7424,-1.9345,1.5,11.8,-54.3,19.5,-338.1,65.1
9929,4.10,993.51,20.84,-1.4054,9.0357,-1.4413,9.7,9.4,-53.2,29.1,-323.7,67.5
9939,4.10,993.52,20.84,-2.2374,9.2069,-2.7521,5.8,-2.1,-49.8,7.5,-306.9,69.9
9949,4.10,993.52,20.84,-4.0606,8.3557,-4.5071,-0.6,-29.1,-44.2,36.3,-321.3,63.9
9959,4.10,993.56,20.84,-4.2593,8.0457,-4.0653,5.9,-49.7,-39.0,50.7,-314.1,56.7
9969,4.10,993.49,20.84,-2.3870,8.4575,-2.6971,11.2,-56.5,-35.6,21.9,-316.5,60.9
9979,4.10,993.52,20.84,-0.4250,8.7747,-2.0470,9.0,-56.1,-35.3,33.9,-328.5,69.9
9989,4.10,993.51,20.84,1.0307,9.0752,-1.7083,6.2,-46.1,-36.0,19.5,-318.9,65.1
9999,4.10,993.50,20.84,1.5024,9.5816,-1.9956,3.0,-26.2,-37.0,31.5,-316.5,63.9
10009,4.10,993.40,20.84,0.5842,9.2560,-2.5606,-3.8,-9.7,-38.8,45.9,-326.1,76.5
10019,4.10,993.55,20.84,-0.0934,9.5660,-3.2789,-1.6,0.1,-41.8,55.5,-311.7,61.5
10029,4.10,993.50,20.84,-1.1708,8.7604,-3.8594,-8.0,-3.4,-43.1,55.5,-318.9,56.1
10039,4.10,993.49,20.84,-2.5115,8.3354,-3.5195,-1.4,-9.6,-42.3,43.5,-323.7,61.5
10049,4.10,993.50,20.84,-2.0207,9.3314,-2.8742,3.6,-19.5,-42.4,48.3,-318.9,59.7
10059,4.10,993.49,20.84,-1.4808,8.9962,-3.0311,-7.3,-30.2,-43.2,57.9,-328.5,61.5
10069,4.10,993.51,20.84,-1.4210,8.8178,-3.3495,-6.5,-31.0,-44.3,79.5,-330.9,60.9
10079,4.10,993.46,20.84,-1.1097,8.7927,-2.2266,-4.3,-26.6,-45.8,60.3,-306.9,63.3
10089,4.10,993.43,20.84,-0.6141,9.3110,-1.9058,-5.2,-23.6,-48.8,69.9,-326.1,63.9
10099,4.10,993.52,20.84,-0.8224,9.4942,-2.7258,-11.9,-23.7,-52.5,77.1,-311.7,65.1
10109,4.10,993.51,20.84,-2.3260,9.2296,-2.9113,-14.6,-18.6,-53.5,67.5,-314.1,68.1
10119,4.10,993.49,20.84,-2.8862,10.1155,-2.0231,-9.0,-16.3,-53.7,84.3,-326.1,61.5
10129,4.10,993.52,20.84,-2.3990,10.6147,-1.5107,-11.8,-25.8,-54.9,91.5,-323.7,65.7
10139,4.10,993.58,20.84,-2.2541,10.1550,-1.3755,-14.5,-31.9,-55.5,86.7,-321.3,62.1
10149,4.10,993.55,20.84,-2.0303,9.7348,-1.1480,-12.6,-30.2,-56.0,79.5,-330.9,62.1
10159,4.10,993.47,20.84,-2.1225,9.2296,-1.4174,-15.4,-30.0,-57.0,89.1,-326.1,68.1
10169,4.10,993.53,20.87,-2.4912,8.6550,-1.7190,-16.4,-32.8,-57.2,101.1,-330.9,59.7
10179,4.10,993.56,20.87,-2.8826,8.4168,-1.5514,-12.9,-33.5,-56.5,101.1,-314.1,63.3
10189,4.10,993.57,20.87,-3.0346,8.3294,-1.7035,-10.7,-30.4,-55.9,113.1,-321.3,60.3
10199,4.10,993.58,20.87,-2.8455,8.3725,-2.3655,-12.7,-29.5,-56.4,105.9,-321.3,66.9
10209,4.10,993.59,20.87,-2.8252,8.5712,-2.6001,-13.7,-30.3,-57.0,108.3,-321.3,63.9
10219,4.10,993.49,20.87,-3.1448,8.9986,-2.5714,-11.9,-27.5,-57.2,122.7,-321.3,60.9
10229,4.10,993.60,20.87,-3.2561,9.3170,-2.4193,-11.8,-28.3,-58.3,139.5,-323.7,59.1
10239,4.10,993.59,20.87,-2.5091,9.5133,-2.3092,-12.8,-31.4,-61.0,122.7,-309.3,61.5
10249,4.10,993.60,20.87,-1.6436,9.6761,-2.0434,-14.2,-30.6,-64.3,153.9,-316.5,62.7
10259,4.10,993.56,20.87,-1.5143,9.8785,-1.8064,-16.1,-24.4,-67.8,144.3,-326.1,64.5
10269,4.10,993.54,20.87,-2.1296,10.0951,-1.5706,-19.7,-21.9,-72.1,153.9,-314.1,60.9
10279,4.10,993.62,20.87,-2.5355,10.6877,-1.7047,-23.5,-27.5,-77.0,134.7,-311.7,63.3
10289,4.10,993.61,20.87,-2.3415,11.2336,-2.0243,-25.9,-35.0,-82.4,146.7,-316.5,66.9
10299,4.10,993.56,20.87,-2.6959,11.3880,-2.4205,-28.2,-42.1,-87.2,134.7,-330.9,53.1
10309,4.10,993.62,20.87,-3.2477,11.5005,-2.6875,-29.9,-47.4,-91.5,158.7,-299.7,59.1
10319,4.10,993.56,20.87,-3.1867,11.3377,-2.6085,-30.4,-52.5,-96.4,165.9,-304.5,59.7
10329,4.10,993.48,20.87,-3.2669,10.9259,-2.2637,-30.4,-57.9,-100.6,156.3,-309.3,54.3
10339,4.10,993.56,20.87,-3.2513,10.9594,-1.7514,-30.2,-62.7,-104.4,177.9,-318.9,58.5
10349,4.10,993.58,20.87,-2.9556,11.4347,-1.3791,-32.3,-68.3,-108.7,185.1,-306.9,56.7
10359,4.10,993.51,20.87,-2.9329,12.0488,-1.4126,-37.4,-72.1,-112.9,213.9,-318.9,56.1
10369,4.10,993.53,20.87,-2.6264,12.8544,-1.7621,-43.3,-72.1,-117.4,221.1,-294.9,57.3
10379,4.10,993.59,20.87,-2.0650,13.2495,-1.9261,-49.7,-68.8,-123.0,201.9,-287.7,54.3
10389,4.10,993.54,20.87,-1.8938,13.0879,-1.8531,-53.0,-63.2,-129.4,201.9,-309.3,58.5
10399,4.10,993.53,20.87,-1.5000,13.3848,-1.9692,-52.5,-62.0,-137.1,252.3,-297.3,56.1
10409,4.10,993.49,20.87,-0.7805,14.5028,-2.1871,-55.1,-66.2,-145.4,221.1,-304.5,55.5
10419,4.10,993.52,20.87,-0.1077,16.2303,-2.4588,-58.0,-68.8,-152.2,221.1,-299.7,57.9
10429,4.10,993.45,20.87,0.7386,17.5483,-2.9425,-60.6,-74.1,-155.4,276.3,-275.7,46.5
10439,4.10,993.55,20.87,0.5411,17.3591,-3.4979,-61.9,-75.6,-151.7,271.5,-275.7,50.1
10449,4.10,993.47,20.87,0.0108,16.3212,-3.3998,-56.3,-67.2,-144.4,257.1,-261.3,39.3
10459,4.10,993.51,20.87,-1.1803,15.1493,-2.0267,-49.5,-55.0,-137.2,269.1,-266.1,41.7
10469,4.10,993.50,20.87,-5.5821,12.7706,-0.0670,-55.1,-46.5,-134.5,264.3,-263.7,44.1
10479,4.10,993.57,20.87,-10.0951,10.8517,1.5191,-55.9,-37.1,-137.5,281.1,-266.1,41.1
10489,4.10,993.56,20.87,-11.0468,10.1215,1.7897,-51.3,-26.4,-140.5,281.1,-254.1,43.5
10499,4.10,993.44,20.87,-8.2995,8.8944,-0.6189,-48.8,-20.2,-141.4,269.1,-263.7,37.5
10509,4.10,993.47,20.87,-4.8375,6.3099,-3.1579,-48.9,-21.1,-133.5,312.3,-227.7,35.1
10519,4.10,993.51,20.87,-2.8156,3.2645,-1.7741,-38.6,-14.3,-112.3,312.3,-222.9,37.5
10529,4.10,993.51,20.87,-3.5243,1.7909,0.4310,-19.7,0.0,-81.4,307.5,-239.7,38.1
10539,4.10,993.49,20.87,-4.1084,1.7454,-1.4210,-7.2,11.5,-51.2,317.1,-225.3,41.1
10549,4.10,993.47,20.87,-0.5890,1.5071,-2.7198,-1.3,10.4,-20.7,309.9,-234.9,39.9
10559,4.11,993.47,20.87,-0.5890,1.5071,-2.7198,-1.3,10.4,-20.7,309.9,-234.9,39.9
10569,4.10,993.55,20.87,1.1277,1.5526,-1.0953,10.5,2.5,10.4,324.3,-237.3,36.3
10579,4.10,993.53,20.87,-2.0566,1.6448,0.7614,21.4,-10.6,33.2,300.3,-227.7,38.7
10589,4.10,993.43,20.87,-3.6619,1.0953,0.3687,25.5,-18.2,49.7,300.3,-222.9,33.9
10599,4.10,993.47,20.87,-3.1280,0.6285,-0.8990,36.0,-26.4,66.9,293.1,-237.3,37.5
10609,4.10,993.50,20.87,-2.4900,1.0427,-1.0307,50.8,-32.3,86.8,295.5,-249.3,39.3
10619,4.11,993.49,20.87,-2.5438,1.7418,-0.2538,58.7,-39.1,105.6,297.9,-237.3,36.9
10629,4.10,993.52,20.87,-2.4026,2.3786,0.0862,61.3,-52.4,119.9,293.1,-246.9,38.7
10639,4.10,993.46,20.87,-1.3300,2.8563,-0.2095,64.1,-59.8,134.3,276.3,-251.7,42.9
10649,4.10,993.49,20.87,-0.1556,3.3830,-0.1041,67.4,-63.0,149.2,307.5,-237.3,38.1
10659,4.11,993.47,20.87,-0.8236,4.5346,1.5682,80.1,-61.1,176.1,261.9,-263.7,41.7
10669,4.11,993.51,20.89,-0.8236,4.5346,1.5682,80.1,-61.1,176.1,261.9,-263.7,41.7
10679,4.10,993.68,20.89,-1.5514,5.0793,2.0794,86.8,-49.1,187.0,261.9,-256.5,38.7
10689,4.11,993.58,20.89,-2.8491,5.5653,2.4421,92.7,-38.5,196.0,261.9,-278.1,41.7
10699,4.10,993.58,20.89,-3.3543,6.3135,2.2649,98.9,-23.5,203.9,259.5,-287.7,44.1
10709,4.10,993.60,20.89,-2.2182,7.4507,1.2534,100.5,-10.6,211.6,230.7,-314.1,41.1
10719,4.10,993.52,20.89,-1.2522,8.8059,0.6440,100.0,-2.0,217.3,225.9,-299.7,46.5
10729,4.10,993.51,20.89,-1.7705,10.0113,1.3156,99.0,11.5,222.4,209.1,-333.3,42.9
10739,4.10,993.61,20.89,-3.4931,10.8649,1.7142,95.7,23.0,227.3,206.7,-304.5,47.1
10749,4.10,993.55,20.89,-4.3538,11.3389,0.7386,87.8,15.9,228.9,185.1,-304.5,50.1
10759,4.11,993.52,20.89,-3.5362,11.6394,0.3938,80.7,6.0,228.9,177.9,-321.3,44.1
10769,4.10,993.52,20.89,-2.7330,12.1661,0.9242,80.6,12.6,230.0,153.9,-321.3,48.9
10779,4.10,993.48,20.89,-3.0370,12.8389,1.3755,82.3,33.2,229.5,144.3,-357.3,45.9
10789,4.10,993.48,20.89,-4.0007,13.3620,1.4365,80.5,58.3,226.1,125.1,-321.3,58.5
10799,4.10,993.49,20.89,-4.4628,13.6050,1.0223,75.4,75.9,220.3,134.7,-340.5,52.5
10809,4.10,993.47,20.89,-4.4700,13.2770,0.7195,70.0,86.1,214.0,105.9,-316.5,58.5
10819,4.10,993.50,20.89,-4.6352,12.4977,0.4681,67.5,94.7,209.1,89.1,-302.1,59.1
10829,4.10,993.50,20.89,-5.1236,11.6130,0.2454,65.5,99.2,203.5,81.9,-352.5,57.9
10839,4.10,993.47,20.89,-5.6707,11.1055,0.2203,63.4,104.7,198.4,105.9,-347.7,57.3
10849,4.10,993.53,20.89,-5.6874,11.2970,0.1580,60.5,111.9,192.9,57.9,-311.7,72.3
10859,4.10,993.46,20.89,-5.1439,11.6885,0.0730,56.1,120.4,186.1,60.3,-326.1,64.5
10869,4.10,993.41,20.89,-4.6914,11.8429,-0.0467,51.8,125.4,179.9,33.9,-309.3,67.5
10879,4.10,993.47,20.89,-4.8973,11.7280,-0.1149,49.9,125.6,176.0,7.5,-318.9,63.9
10889,4.10,993.47,20.89,-5.2636,11.5412,-0.0670,48.3,123.4,173.2,14.7,-316.5,63.9
10899,4.10,993.48,20.89,-5.1260,11.2060,-0.1460,42.8,119.9,168.4,-9.3,-326.1,65.1
10909,4.10,993.52,20.89,-4.8638,10.8373,-0.2071,38.0,115.1,161.1,-6.9,-323.7,66.3
10919,4.10,993.60,20.89,-4.8925,10.9367,-0.1760,38.0,111.6,152.4,-35.7,-292.5,66.3
10929,4.10,993.45,20.89,-5.2984,10.6793,0.1317,35.0,114.4,141.3,-42.9,-290.1,65.7
10939,4.10,993.52,20.89,-6.2860,10.2388,0.1077,28.0,123.8,127.2,-57.3,-297.3,67.5
10949,4.10,993.51,20.89,-7.0294,9.8737,-0.4812,16.9,129.5,106.5,-66.9,-314.1,64.5
10959,4.10,993.49,20.89,-7.1443,9.5337,-1.2881,8.6,124.4,81.7,-78.9,-306.9,56.1
10969,4.10,993.52,20.89,-7.6255,9.2572,-1.7597,4.9,108.2,57.2,-81.3,-290.1,59.1
10979,4.10,993.48,20.89,-8.4886,8.8705,-1.3036,5.9,89.9,36.4,-83.7,-294.9,57.3
10989,4.10,993.52,20.89,-8.8645,8.6466,-0.6081,4.8,73.1,14.9,-76.5,-285.3,69.3
10999,4.10,993.50,20.89,-8.6754,8.2959,-0.6464,-3.5,60.5,-8.3,-76.5,-297.3,59.1
11009,4.10,993.48,20.89,-7.5884,8.1618,-0.9852,-11.0,50.9,-30.5,-76.5,-321.3,55.5
11019,4.10,993.47,20.89,-6.3326,8.2755,-0.9122,-17.0,45.0,-50.7,-81.3,-311.7,53.1
11029,4.10,993.47,20.89,-5.4851,8.5006,-0.5519,-24.0,44.7,-68.7,-95.7,-290.1,54.9
11039,4.10,993.43,20.89,-1.6819,10.0963,-2.0171,-34.9,50.8,-82.2,-76.5,-309.3,56.1
11049,4.10,993.49,20.89,7.3669,11.8297,-3.9361,-44.0,55.2,-79.5,-74.1,-304.5,59.1
11059,4.10,993.43,20.89,17.5183,12.5492,-5.8215,-38.9,56.0,-52.9,-78.9,-306.9,57.3
11069,4.10,993.49,20.89,15.5431,12.5504,-3.1723,-26.0,42.6,-5.9,-86.1,-309.3,60.3
11079,4.10,993.49,20.89,3.6140,11.1785,1.1648,-14.8,3.7,13.4,-102.9,-302.1,47.7
11089,4.10,993.50,20.89,-5.2289,11.2695,1.7298,0.7,-1.3,-8.7,-93.3,-323.7,50.7
11099,4.10,993.55,20.89,-6.9432,13.3417,1.3767,-5.4,6.9,-34.5,-66.9,-326.1,57.3
11109,4.10,993.47,20.89,-1.1564,13.1753,0.1269,-38.8,20.2,-57.1,-62.1,-304.5,57.3
11119,4.10,993.49,20.89,3.0490,13.1621,-0.5124,-39.1,35.8,-58.4,-100.5,-328.5,50.7
11129,4.10,993.52,20.89,1.8866,12.5635,1.1791,-26.2,49.8,-51.0,-69.3,-330.9,56.1
11139,4.10,993.52,20.89,-0.3280,11.8405,3.3806,-14.4,42.4,-50.1,-66.9,-294.9,53.1
11149,4.10,993.53,20.89,-0.4154,10.9451,4.1360,-15.0,16.8,-53.1,-88.5,-333.3,50.7
11159,4.10,993.54,20.89,-1.1492,9.7947,2.9413,-11.5,9.4,-54.6,-78.9,-347.7,51.9
11169,4.10,993.62,20.93,-1.8447,9.7324,1.0870,3.8,17.1,-50.2,-62.1,-338.1,51.9
11179,4.09,993.65,20.93,-2.3116,9.5014,-1.0319,0.5,14.2,-44.5,-52.5,-354.9,50.1
11189,4.10,993.59,20.93,-2.8431,9.7121,-2.6504,-1.4,14.1,-47.8,-47.7,-321.3,53.1
11199,4.10,993.58,20.93,-0.4860,11.1534,-3.5638,1.1,13.4,-50.6,-57.3,-347.7,48.3
11209,4.10,993.62,20.93,0.7494,11.0073,-1.1301,-5.5,-12.2,-50.7,-69.3,-340.5,45.3
11219,4.10,993.57,20.93,0.1628,10.2675,-0.8152,-10.8,12.5,-47.7,-52.5,-326.1,48.3
11229,4.10,993.50,20.93,-1.3491,8.7376,-2.1847,-21.8,42.8,-42.4,-52.5,-350.1,58.5
11239,4.10,993.61,20.93,-1.1983,8.6430,-2.1416,-18.3,35.0,-40.3,-38.1,-328.5,61.5
11249,4.10,993.63,20.93,0.4381,9.2153,-0.8104,-7.2,23.1,-38.7,-26.1,-342.9,51.3
11259,4.10,993.61,20.93,-0.6919,8.5700,0.0371,-8.3,16.7,-33.1,-42.9,-350.1,48.9
11269,4.10,993.56,20.93,-1.9106,9.0872,0.1915,-0.5,17.0,-28.1,-14.1,-333.3,53.1
11279,4.10,993.58,20.93,-0.0634,10.0975,0.0970,-2.5,-4.4,-32.3,-23.7,-345.3,48.9
11289,4.10,993.58,20.93,2.2039,10.2507,0.7853,-5.6,-19.8,-35.0,-35.7,-328.5,51.3
11299,4.10,993.60,20.93,2.2721,10.6063,1.4760,0.3,-6.5,-33.7,-57.3,-326.1,56.1
11309,4.10,993.52,20.93,0.5914,10.0784,0.5411,-5.8,10.6,-34.7,-42.9,-345.3,52.5
11319,4.10,993.55,20.93,-0.3926,9.0237,-0.5207,-10.6,13.1,-36.0,-38.1,-359.7,47.7
11329,4.10,993.56,20.93,-0.3711,8.8274,-0.3172,-5.8,2.4,-34.2,-14.1,-347.7,54.9
11339,4.10,993.53,20.93,0.3651,9.6043,0.6213,1.0,-2.3,-30.9,-16.5,-350.1,48.9
11349,4.10,993.52,20.93,1.3168,9.9970,0.3795,-2.7,-3.3,-29.7,-30.9,-347.7,53.1
11359,4.10,993.51,20.93,0.6656,8.9040,-0.5423,-8.9,-3.1,-29.1,-57.3,-357.3,54.3
11369,4.10,993.53,20.93,-0.3280,8.8442,-1.2282,-5.3,1.0,-27.7,-16.5,-378.9,51.3
11379,4.10,993.62,20.93,-0.2837,9.3745,-1.0080,-4.3,1.6,-28.3,-23.7,-378.9,50.1
11389,4.10,993.53,20.93,0.6752,9.3613,-0.5016,-5.5,1.7,-28.6,-33.3,-378.9,59.7
11399,4.10,993.55,20.93,-0.0479,8.8920,-1.0367,-9.2,4.3,-26.7,-50.1,-412.5,52.5
11409,4.10,993.56,20.93,-0.6201,9.5241,-1.3635,-9.2,9.2,-24.5,-54.9,-400.5,50.1
11419,4.10,993.50,20.93,0.2011,10.1286,-1.4533,-10.7,8.8,-27.1,-50.1,-429.3,51.3
11429,4.10,993.50,20.93,0.2011,10.1286,-1.4533,-10.7,8.8,-27.1,-50.1,-429.3,51.3
11439,4.11,993.52,20.93,-0.5938,9.1638,-1.3791,-15.8,9.9,-25.5,-40.5,-436.5,52.5
11449,4.10,993.53,20.93,-1.5143,8.9280,-0.0431,-9.7,14.3,-20.8,-54.9,-450.9,51.3
11459,4.10,993.51,20.93,-0.9792,9.4858,1.4892,-7.3,9.3,-19.1,-50.1,-472.5,53.7
11469,4.10,993.54,20.93,0.5231,10.4926,1.5407,-9.5,3.8,-20.4,-66.9,-513.3,40.5
11479,4.10,993.50,20.93,1.9082,10.8744,0.5183,-14.1,3.8,-23.0,-74.1,-530.1,42.9
11489,4.10,993.59,20.93,1.3419,9.9778,-0.4788,-16.9,9.9,-24.4,-86.1,-570.9,32.7
11499,4.10,993.54,20.93,-0.5447,9.0501,-0.8116,-15.9,17.7,-21.9,-59.7,-623.7,44.7
11509,4.10,993.51,20.93,-1.8136,8.7915,-0.8021,-15.1,16.0,-20.5,-71.7,-666.9,36.9
11519,4.10,993.56,20.93,-1.5455,9.2320,-0.0946,-13.5,9.0,-18.8,-107.7,-746.1,18.9
11529,4.10,993.49,20.93,0.1341,10.1155,-0.0144,-13.3,5.3,-18.8,-124.5,-794.1,5.1
11539,4.10,993.48,20.93,0.6776,9.4140,-0.8212,-20.2,8.0,-19.4,-155.7,-846.9,-2.7
11549,4.10,993.46,20.93,-0.7997,8.0445,-0.7434,-21.8,17.8,-15.9,-155.7,-918.9,-27.9
11559,4.10,993.44,20.93,-3.1172,7.5250,0.0682,-17.1,23.8,-13.0,-201.3,-962.1,-42.9
11569,4.10,993.55,20.93,-3.5338,7.8374,0.3543,-14.1,17.5,-13.0,-206.1,-995.7,-72.9
11579,4.10,993.44,20.93,-1.8902,8.3713,0.7051,-12.6,5.1,-11.9,-263.7,-1022.1,-89.7
11589,4.10,993.50,20.93,-0.1796,9.5876,1.2809,-10.6,-2.3,-9.4,-273.3,-1038.9,-125.1
11599,4.10,993.52,20.93,0.3507,10.3298,1.2294,-12.4,-1.6,-9.7,-294.9,-1082.1,-158.1
11609,4.10,993.49,20.93,0.1317,10.8996,0.3460,-13.6,4.7,-11.4,-330.9,-1120.5,-201.3
11619,4.10,993.55,20.93,-0.0371,10.7044,-0.3555,-16.3,3.4,-12.9,-311.7,-1139.7,-242.1
11629,4.10,993.49,20.93,0.1879,10.1693,0.4633,-13.2,5.1,-10.4,-311.7,-1125.3,-287.1
11639,4.10,993.49,20.93,-0.6955,10.0532,0.9816,-7.8,12.3,-7.4,-328.5,-1072.5,-338.7
11649,4.10,993.54,20.93,-2.4756,8.8466,0.6788,-12.4,5.6,-6.1,-314.1,-1026.9,-392.1
11659,4.10,993.54,20.93,-1.8854,8.8466,0.8116,-7.9,0.9,-4.2,-333.3,-882.9,-438.9
11669,4.10,993.58,20.94,0.0958,9.4451,0.4705,-7.0,-5.1,-4.0,-347.7,-789.3,-468.3
11679,4.10,993.66,20.94,-0.2418,9.0297,0.1389,-9.0,-8.0,-3.3,-378.9,-623.7,-497.7
11689,4.10,993.57,20.94,-1.7526,8.8130,0.3867,-5.4,-0.4,-0.9,-443.7,-450.9,-509.7
11699,4.10,993.63,20.94,-1.9836,9.0548,0.8440,-4.7,0.4,0.5,-465.3,-282.9,-519.3
11709,4.10,993.62,20.94,-1.0953,9.3781,1.0463,-7.4,-5.5,0.5,-530.1,-126.9,-526.5
11719,4.10,993.61,20.94,-0.4369,9.7408,0.5195,-8.1,-6.7,0.5,-614.1,55.5,-527.7
11729,4.10,993.62,20.94,-0.5447,9.9491,-0.4405,-9.5,-9.3,-0.3,-618.9,242.7,-534.3
11739,4.09,993.58,20.94,-0.2406,9.7276,-0.5794,-9.6,-10.2,-1.4,-650.1,453.9,-537.9
11749,4.10,993.53,20.94,0.1915,9.5050,-0.4788,-9.1,-6.7,-1.3,-664.5,648.3,-530.1
11759,4.10,993.56,20.94,-0.3711,9.5720,0.6752,-7.1,-5.0,1.1,-669.3,804.3,-530.1
11769,4.11,993.59,20.94,-1.1935,9.7384,0.8452,-6.9,-5.8,1.8,-662.1,1003.5,-508.5
11779,4.10,993.53,20.94,-0.9050,9.5947,0.2813,-7.4,-8.4,1.6,-659.7,1207.5,-499.5
11789,4.10,993.61,20.94,0.2993,9.3218,0.5423,-6.8,-9.6,1.6,-652.5,1373.1,-473.7
11799,4.10,993.63,20.94,-0.1472,8.9651,0.4609,-6.9,-8.8,1.7,-623.7,1567.5,-451.5
11809,4.10,993.54,20.94,-1.3467,9.3278,0.7649,-4.2,-9.2,2.6,-602.1,1713.9,-414.9
11819,4.10,993.55,20.94,-1.0115,9.8150,0.8739,-4.6,-13.0,2.6,-609.3,1872.3,-382.5
11829,4.10,993.62,20.94,-0.1209,9.5804,0.6716,-6.4,-14.0,2.4,-638.1,2009.1,-347.7
11839,4.10,993.50,20.94,-0.3160,9.3242,0.6153,-5.7,-10.1,2.6,-650.1,2138.7,-315.9
11849,4.10,993.54,20.94,-0.7709,9.6330,0.5710,-4.2,-7.8,2.8,-669.3,2244.3,-271.5
11859,4.10,993.54,20.94,-0.6069,9.7575,0.3747,-5.2,-11.2,3.1,-671.7,2359.5,-219.9
11869,4.10,993.53,20.94,-0.4585,9.4918,0.5830,-5.0,-11.8,4.1,-630.9,2364.3,-175.5
11879,4.10,993.56,20.94,-0.5375,9.4906,0.8559,-3.5,-8.1,5.3,-582.9,2361.9,-128.1
11889,4.10,993.54,20.94,-0.6189,9.4128,0.6321,-4.7,-6.1,5.3,-530.1,2342.7,-83.1
11899,4.10,993.50,20.94,-0.5602,9.2200,0.4537,-6.1,-4.0,5.4,-465.3,2304.3,-37.5
11909,4.10,993.55,20.94,-0.3555,9.2500,0.4860,-5.9,-2.7,5.6,-402.9,2208.3,6.3
11919,4.10,993.59,20.94,-0.4142,9.2811,0.6093,-5.7,-4.0,5.7,-318.9,2145.9,54.9
11929,4.10,993.54,20.94,-0.7757,9.4499,0.8954,-4.8,-4.3,6.0,-251.7,2093.1,96.9
11939,4.10,993.52,20.94,-0.6249,9.6127,0.9493,-4.6,-4.3,6.3,-232.5,2052.3,123.9
11949,4.10,993.53,20.94,-0.1891,9.5852,0.8380,-5.1,-5.2,6.1,-184.5,2013.9,163.5
11959,4.10,993.56,20.94,-0.1257,9.5816,0.9481,-4.5,-4.8,6.1,-136.5,1975.5,197.7
11969,4.10,993.51,20.94,-0.4106,9.6690,0.7458,-4.1,-3.7,5.9,-117.3,1932.3,227.7
11979,4.10,993.48,20.94,-0.3675,9.7109,0.4776,-3.8,-4.7,5.7,-59.7,1872.3,264.3
11989,4.10,993.50,20.94,-0.1784,9.5911,0.5375,-3.8,-6.4,5.6,-33.3,1833.9,309.3
11999,4.10,993.51,20.94,-0.1173,9.4894,0.5076,-3.5,-7.1,5.5,-9.3,1745.1,323.1
12009,4.10,993.58,20.94,-0.0994,9.4056,0.4082,-3.7,-7.3,5.1,-4.5,1663.5,347.1
12019,4.10,993.57,20.94,-0.2741,9.3038,0.4741,-3.7,-6.7,4.9,-6.9,1598.7,358.5
12029,4.10,993.52,20.94,-0.4968,9.3673,0.8559,-3.8,-5.6,4.8,-14.1,1531.5,371.1
12039,4.10,993.52,20.94,-0.3208,9.3589,1.0918,-5.2,-4.6,4.4,-59.7,1507.5,396.3
12049,4.10,993.57,20.94,-0.0491,9.4439,1.0271,-5.6,-2.2,4.3,-83.7,1514.7,425.7
12059,4.10,993.53,20.94,0.2095,9.6773,0.9589,-5.8,1.3,3.8,-100.5,1519.5,450.9
12069,4.10,993.46,20.94,-0.0407,9.7073,0.7877,-6.6,3.6,3.2,-134.1,1538.7,476.7
12079,4.11,993.53,20.94,-0.4046,9.5756,0.7602,-6.3,4.0,2.8,-160.5,1565.1,508.5
12089,4.10,993.50,20.94,-0.3220,9.5169,0.7218,-5.6,1.5,2.6,-182.1,1581.9,547.5
12099,4.10,993.45,20.94,-0.1329,9.4619,0.6764,-5.4,-2.3,2.7,-234.9,1601.1,569.1
12109,4.10,993.52,20.94,-0.1592,9.2596,0.7578,-4.8,-3.4,2.8,-244.5,1665.9,594.9
12119,4.10,993.47,20.94,-0.2981,9.2308,0.8894,-3.5,-2.9,2.6,-244.5,1716.3,627.9
